BAMid,Approach Vertical,Vertical Jump,3/4 Court sprint  ,4-Way agility,Reaction Shuttle,BAMScore,Wingspan,Reach,Height,Weight,Body Comp,Hand Width,approach_vertical_rank,vertical_jump_rank,reaction_shuttle_rank,bam_score_rank,wingspan_rank,reach_rank,height_rank,weight_rank,body_comp_rank,hand_width_rank,fourway_rank,courtsprint_rank
1037,33.5,28.5,3.376,11.4709999999999,3.66899999999999,2003.0,72.75,94.0,70.0,174.4,9.8,8.25,4,4,4,4,2,3,3,3,3,3,2,3
656,30.5,21.5,3.486,12.114,3.355,1865.0,82.0,104.5,79.5,188.4,21.9,8.75,3,2,3,3,4,4,4,4,5,3,3,4
477,37.0,31.0,3.23,12.036,3.562,2005.0,81.5,99.0,74.0,196.5,13.9,9.5,5,5,4,4,4,4,3,4,3,4,3,3
1200,29.0,23.0,3.37,12.509,3.173,1902.0,79.5,101.0,77.5,205.0,10.6,9.25,3,3,2,4,4,4,4,4,3,4,4,3
1501,31.0,26.0,3.389,12.724,3.316,1903.0,77.0,101.5,78.0,180.0,15.4,10.0,3,4,3,4,3,4,4,3,4,5,4,3
490,37.0,29.0,,,,2208.0,,,,,,,5,5,1,5,1,1,1,1,1,1,1,1
1508,32.0,27.5,3.21,11.276,3.04699999999999,2088.0,73.0,92.0,70.0,130.8,11.5,8.0,4,4,2,5,3,2,3,2,3,2,2,3
730,34.0,26.5,3.513,11.743,3.726,1888.0,76.0,97.5,75.5,181.9,7.6,8.25,4,4,4,3,3,3,4,4,2,3,3,4
413,,34.0,3.263,12.644,3.498,1932.0,76.0,95.5,73.0,157.3,16.3,8.25,1,5,3,4,3,3,3,3,4,3,4,3
1003,,14.0,3.407,11.947,3.448,1709.0,83.0,102.0,76.5,197.3,23.2,9.25,1,1,3,2,4,4,4,4,5,4,3,3
1283,,,3.396,11.387,3.384,1922.0,75.0,95.5,73.0,184.5,19.0,8.75,1,1,3,4,3,3,3,4,4,3,2,3
699,32.0,28.0,3.267,11.746,3.56,1966.0,80.5,101.5,75.5,162.0,14.5,9.75,4,4,4,4,4,4,4,3,3,5,3,3
319,29.5,25.5,3.505,12.183,3.841,1791.0,75.5,96.5,72.5,156.5,23.4,8.0,3,3,5,3,3,3,3,3,5,2,3,4
1016,35.0,28.0,3.512,12.407,3.61899999999999,1894.0,78.5,98.5,74.5,191.4,20.7,8.5,4,4,4,4,4,3,3,4,5,3,4,4
668,32.5,28.0,3.286,11.612,3.161,2042.0,76.0,99.5,75.5,170.0,12.5,9.25,4,4,2,5,3,4,4,3,3,4,3,3
1086,28.0,22.5,3.648,12.189,3.515,1798.0,82.0,106.0,81.5,246.0,29.2,8.0,2,2,4,3,4,5,5,5,5,2,3,4
516,32.5,25.0,3.556,12.306,3.849,1791.0,82.25,100.5,75.5,191.2,22.3,9.5,4,3,5,3,4,4,4,4,5,4,4,4
1419,36.0,28.0,3.56,11.511,3.306,1998.0,74.5,94.0,72.5,161.3,5.1,9.0,5,4,3,4,3,3,3,3,2,4,2,4
531,27.5,23.0,6.764,13.966,3.714,1690.0,77.0,97.5,72.75,174.6,11.5,9.25,2,3,4,2,3,3,3,3,3,4,5,5
607,27.0,22.0,3.431,12.645,3.718,1750.0,76.0,97.0,72.75,158.6,7.2,8.5,2,2,4,2,3,3,3,3,2,3,4,3
1270,30.0,22.5,3.286,12.167,3.685,1847.0,79.0,99.0,74.0,163.5,14.7,8.0,3,2,4,3,4,4,3,3,3,2,3,3
1162,27.0,20.5,4.007,13.597,3.568,1578.0,85.0,104.0,76.5,213.0,11.1,10.0,2,2,4,1,5,4,4,5,3,5,5,5
264,36.0,29.0,3.481,11.0629999999999,3.41899999999999,2031.0,86.0,105.5,80.0,213.6,21.6,9.75,5,5,3,5,5,5,4,5,5,5,2,4
609,,31.0,3.362,12.714,3.506,1450.0,82.0,103.0,78.5,209.2,20.9,9.25,1,5,4,1,4,4,4,4,5,4,4,3
1046,33.5,23.0,3.18,12.137,3.45,1953.0,78.5,99.0,76.0,171.0,16.0,10.0,4,3,3,4,4,4,4,3,4,5,3,3
1288,31.0,25.5,3.501,11.624,3.428,1927.0,82.5,103.5,77.5,209.8,24.9,8.5,3,3,3,4,4,4,4,5,5,3,3,4
271,26.5,21.5,3.667,12.102,3.502,1770.0,83.0,106.0,82.0,229.3,27.8,9.25,2,2,3,3,4,5,5,5,5,4,3,4
1332,30.5,27.0,3.383,13.418,3.666,1798.0,80.0,103.0,79.0,197.0,17.6,9.25,3,4,4,3,4,4,4,4,4,4,5,3
836,30.0,25.0,3.262,12.152,3.305,1948.0,74.5,95.0,72.0,176.8,18.1,9.0,3,3,3,4,3,3,3,3,4,4,3,3
797,33.0,26.0,3.481,12.761,3.796,1805.0,79.25,102.0,77.5,167.0,4.0,8.5,4,4,5,3,4,4,4,3,2,3,4,4
929,32.5,28.0,3.357,11.297,3.213,2043.0,70.0,90.5,70.75,153.6,6.0,,4,4,2,5,2,2,3,3,2,1,2,3
899,24.0,23.5,3.515,12.305,3.54399999999999,1793.0,70.5,90.5,69.0,181.1,24.9,8.5,1,3,4,3,2,2,2,4,5,3,4,4
898,36.0,29.0,3.297,12.609,3.463,1964.0,74.5,93.0,69.5,146.3,16.5,8.25,5,5,3,4,3,3,2,2,4,3,4,3
1434,28.5,24.0,3.758,11.872,3.523,1810.0,81.0,102.5,79.5,199.4,15.7,8.25,3,3,4,3,4,4,4,4,4,3,3,4
1446,27.5,23.5,3.477,12.263,3.507,1828.0,78.0,102.5,79.0,177.0,18.6,8.5,2,3,4,3,3,4,4,3,4,3,4,4
1092,30.5,24.0,3.424,11.7259999999999,3.70899999999999,1863.0,75.5,98.0,76.75,200.0,9.8,8.5,3,3,4,3,3,3,4,4,3,3,3,3
1404,36.5,31.0,3.171,11.249,3.113,2139.0,78.0,98.0,73.5,167.0,13.6,9.75,5,5,2,5,3,3,3,3,3,5,2,3
872,31.0,26.5,3.536,12.782,3.392,1866.0,83.5,102.5,75.25,218.0,25.3,9.75,3,4,3,3,5,4,4,5,5,5,4,4
337,33.0,25.5,3.415,12.605,3.559,1879.0,78.75,100.0,77.5,194.4,21.1,10.0,4,3,4,3,4,4,4,4,5,5,4,3
488,29.5,19.0,3.487,12.383,3.348,1819.0,76.0,97.0,76.0,161.7,14.3,9.5,3,1,3,3,3,3,4,3,3,4,4,4
324,28.5,24.5,3.426,12.791,3.663,1794.0,82.0,107.0,81.5,212.0,25.5,9.75,3,3,4,3,4,5,5,5,5,5,4,3
1157,35.0,28.0,3.359,12.65,3.829,1858.0,77.0,93.0,71.5,165.0,8.1,9.0,4,4,5,3,3,3,3,3,2,4,4,3
1371,26.0,23.5,3.684,13.133,3.631,1728.0,90.0,111.0,83.0,252.0,30.8,9.75,2,3,4,2,5,5,5,5,5,5,5,4
1209,28.5,23.0,3.444,12.995,3.316,1832.0,71.0,95.5,72.0,178.0,18.9,8.5,3,3,3,3,2,3,3,3,4,3,5,3
1381,31.5,24.5,3.424,12.524,3.27399999999999,1912.0,77.0,99.0,74.5,176.0,8.9,9.5,3,3,3,4,3,4,3,3,3,4,4,3
973,32.5,27.5,3.437,11.6759999999999,3.483,1956.0,76.0,97.0,74.0,202.8,12.1,9.0,4,4,3,4,3,3,3,4,3,4,3,3
277,34.0,28.0,3.2,12.851,3.682,1903.0,78.5,97.5,74.5,171.0,16.8,8.75,4,4,4,4,4,3,3,3,4,3,4,3
1391,31.0,26.0,3.537,11.924,3.256,1930.0,79.0,101.5,77.0,205.0,19.3,9.5,3,4,3,4,4,4,4,4,4,4,3,4
219,30.0,23.0,3.424,12.1529999999999,3.341,1898.0,72.5,95.5,73.5,155.6,6.1,9.0,3,3,3,4,2,3,3,3,2,4,3,3
910,24.0,17.0,3.684,11.901,3.614,1686.0,76.0,98.5,72.5,188.8,23.4,8.0,1,1,4,2,3,3,3,4,5,2,3,4
1242,35.5,26.5,3.305,11.368,3.241,2048.0,75.5,96.0,72.0,150.0,10.4,8.75,5,4,3,5,3,3,3,2,3,3,2,3
1511,30.5,27.0,3.347,12.974,3.57,1855.0,80.0,100.5,73.5,191.0,24.8,9.5,3,4,4,3,4,4,3,4,5,4,5,3
1350,34.5,27.0,3.388,11.722,3.418,1986.0,73.25,92.5,71.5,166.2,6.1,8.5,4,4,3,4,3,2,3,3,2,3,3,3
1019,33.5,26.0,3.446,11.667,3.575,1932.0,75.0,97.0,76.5,175.6,4.8,9.0,4,4,4,4,3,3,4,3,2,4,3,3
851,28.5,22.5,3.433,12.423,3.494,1830.0,73.0,95.0,72.5,183.0,22.4,8.5,3,2,3,3,3,3,3,4,5,3,4,3
1321,,31.5,3.323,11.818,3.81,1872.0,,,,,,,1,5,5,3,1,1,1,1,1,1,3,3
826,29.0,24.0,3.453,,3.475,2162.0,82.25,103.0,79.5,180.0,17.2,8.5,3,3,3,5,4,4,4,3,4,3,1,3
992,32.5,25.0,3.298,11.026,3.40199999999999,2016.0,75.0,95.5,72.5,167.7,16.1,8.0,4,3,3,4,3,3,3,3,4,2,2,3
1307,30.0,24.5,3.691,12.674,3.656,1796.0,84.0,105.0,79.5,207.8,25.0,9.5,3,3,4,3,5,5,4,4,5,4,4,4
205,,,3.398,11.65,3.137,1963.0,78.5,100.5,76.0,196.4,21.0,9.25,1,1,2,4,4,4,4,4,5,4,3,3
1413,35.5,29.5,3.254,11.448,3.662,2001.0,77.0,95.5,75.0,177.0,17.0,8.25,5,5,4,4,3,3,3,3,4,3,2,3
339,,30.0,3.112,11.543,3.405,2048.0,73.0,90.5,69.0,150.0,11.6,8.5,1,5,3,5,3,2,2,2,3,3,2,2
1328,30.0,26.0,3.844,12.28,3.762,1741.0,79.0,100.5,76.75,253.0,19.0,9.0,3,4,4,2,4,4,4,5,4,4,4,5
590,33.0,24.0,3.382,13.397,3.528,1829.0,78.25,101.5,75.5,211.2,13.2,8.25,4,3,4,3,4,4,4,5,3,3,5,3
364,37.0,28.5,3.433,11.722,3.367,2008.0,76.25,94.0,71.0,165.0,15.5,8.5,5,4,3,4,3,3,3,3,4,3,3,3
589,35.5,28.0,3.406,12.7679999999999,3.648,1890.0,77.0,96.0,72.0,183.0,21.7,8.5,5,4,4,3,3,3,3,4,5,3,4,3
895,27.5,22.5,3.653,12.97,3.484,1750.0,75.75,96.0,73.5,188.8,12.0,8.5,2,2,3,2,3,3,3,4,3,3,5,4
985,29.0,22.0,3.388,12.119,3.458,2078.0,78.5,98.0,73.5,150.6,6.3,7.5,3,2,3,5,4,3,3,2,2,1,3,3
1267,29.0,23.5,3.829,14.119,4.093,1511.0,77.5,98.0,76.5,200.0,12.0,8.75,3,3,5,1,3,3,4,4,3,3,5,5
1322,29.5,25.0,3.58,12.87,3.748,1756.0,75.5,97.5,72.5,169.0,13.1,9.5,3,3,4,3,3,3,3,3,3,4,4,4
1502,24.5,22.0,3.683,12.868,3.534,1710.0,93.0,115.0,87.0,288.9,31.9,10.25,1,2,4,2,5,5,5,5,5,5,4,4
615,32.0,27.5,3.538,12.416,3.288,1915.0,80.0,101.0,76.5,177.0,14.6,9.25,4,4,3,4,4,4,4,3,3,4,4,4
989,34.5,26.5,3.328,11.59,3.343,2009.0,79.5,102.0,75.5,166.0,17.1,9.0,4,4,3,4,4,4,4,3,4,4,3,3
317,28.5,23.0,3.503,12.015,3.297,1881.0,71.5,93.0,69.5,149.0,13.7,8.0,3,3,3,3,2,3,2,2,3,2,3,4
559,28.5,25.0,3.438,11.732,3.425,1910.0,78.5,100.0,75.5,189.6,18.5,9.0,3,3,3,4,4,4,4,4,4,4,3,3
1228,30.5,25.0,3.387,11.762,3.232,1962.0,73.0,93.5,72.5,164.0,18.1,8.75,3,3,3,4,3,3,3,3,4,3,3,3
617,34.0,30.0,3.214,11.901,3.374,2032.0,76.5,98.0,73.5,174.0,15.5,9.25,4,5,3,5,3,3,3,3,4,4,3,3
1504,41.5,30.5,3.162,11.724,3.233,2121.0,79.5,99.5,75.0,193.5,24.3,9.25,5,5,3,5,4,4,3,4,5,4,3,3
881,35.0,28.0,3.438,11.4729999999999,3.353,2012.0,76.0,95.0,72.5,213.1,24.3,8.25,4,4,3,4,3,3,3,5,5,3,2,3
660,28.5,26.0,3.487,12.475,3.405,1863.0,77.0,100.0,74.0,169.0,17.2,9.5,3,4,3,3,3,4,3,3,4,4,4,4
1300,32.0,26.5,3.363,11.11,3.364,2014.0,84.0,106.0,81.0,84.0,20.8,9.25,4,4,3,4,5,5,5,1,5,4,2,3
933,32.5,24.5,3.615,11.834,2.997,1963.0,76.0,99.0,76.0,166.0,12.6,9.5,4,3,2,4,3,4,4,3,3,4,3,4
1043,29.5,24.0,3.503,12.869,3.35,1843.0,75.5,98.5,76.75,184.8,7.5,9.0,3,3,3,3,3,3,4,4,2,4,4,4
1447,25.0,19.0,4.031,14.165,3.917,1376.0,82.5,108.5,82.5,268.0,19.8,9.75,2,1,5,1,4,5,5,5,4,5,5,5
1072,30.5,25.5,3.424,12.184,3.853,1812.0,72.5,93.0,71.25,148.0,12.1,8.25,3,3,5,3,2,3,3,2,3,3,3,3
1357,35.0,32.0,3.334,12.104,3.81399999999999,1921.0,81.5,100.0,76.0,182.8,18.4,9.25,4,5,5,4,4,4,4,4,4,4,3,3
1464,30.0,22.5,3.431,12.2,3.637,1831.0,81.0,105.5,79.5,216.2,11.7,9.0,3,2,4,3,4,5,4,5,3,4,3,3
1093,30.0,24.5,3.344,11.052,3.51,1964.0,72.5,91.0,70.5,148.1,12.0,8.25,3,3,4,4,2,2,3,2,3,3,2,3
1102,26.5,22.0,3.297,12.285,3.336,1866.0,86.0,109.5,82.5,196.5,21.0,9.0,2,2,3,3,5,5,5,4,5,4,4,3
842,34.5,29.0,3.382,12.319,3.77699999999999,1891.0,78.0,96.0,72.5,178.4,11.1,8.25,4,5,4,4,3,3,3,3,3,3,4,3
591,29.0,24.0,3.448,11.992,3.485,1878.0,79.5,99.0,73.0,190.2,23.7,8.5,3,3,3,3,4,4,3,4,5,3,3,3
1125,29.5,25.0,3.357,11.908,3.216,1953.0,73.5,94.5,70.0,152.0,11.1,8.25,3,3,2,4,3,3,3,2,3,3,3,3
905,29.0,27.5,3.38,11.512,3.35,1966.0,76.5,99.5,74.0,169.0,15.1,9.0,3,4,3,4,3,4,3,3,4,4,2,3
560,,,3.354,11.969,3.724,1815.0,,,,,,,1,1,4,3,1,1,1,1,1,1,3,3
1408,31.5,25.0,3.338,10.806,2.973,2087.0,77.0,99.0,75.0,165.8,6.9,9.0,3,3,2,5,3,4,3,3,2,4,1,3
804,32.5,27.0,3.356,12.069,3.16,1994.0,75.5,95.0,72.0,163.0,15.3,9.25,4,4,2,4,3,3,3,3,4,4,3,3
381,35.0,28.0,3.326,11.898,3.321,2013.0,80.5,102.5,78.0,23.1,7.5,8.25,4,4,3,4,4,4,4,1,2,3,3,3
235,29.0,24.0,3.445,11.216,3.516,1920.0,80.0,101.0,76.0,169.9,17.6,9.0,3,3,4,4,4,4,4,3,4,4,2,3
366,,24.0,,12.178,3.288,1878.0,80.5,102.5,79.0,209.8,17.9,8.5,1,3,3,3,4,4,4,5,4,3,3,1
791,,,3.388,13.039,3.554,1712.0,,,,,,,1,1,4,2,1,1,1,1,1,1,5,3
1414,35.5,27.5,3.429,12.314,3.041,2009.0,80.5,102.0,76.0,177.0,14.7,9.75,5,4,2,4,4,4,4,3,3,5,4,3
1147,31.5,24.5,3.562,12.568,3.252,1879.0,75.0,98.0,74.0,178.8,17.4,9.0,3,3,3,3,3,3,3,3,4,4,4,4
1416,32.0,23.5,3.482,11.954,3.359,1915.0,75.0,96.5,74.0,174.0,10.6,8.75,4,3,3,4,3,3,3,3,3,3,3,4
1017,35.5,29.0,3.591,13.368,3.308,1879.0,80.5,100.5,75.0,190.0,10.9,10.25,5,5,3,3,4,4,3,4,3,5,5,4
756,30.0,28.0,3.337,12.172,3.253,1964.0,79.5,100.5,76.0,213.0,22.2,10.5,3,4,3,4,4,4,4,5,5,5,3,3
687,28.5,22.0,3.651,12.287,3.82,1724.0,73.5,94.5,72.0,144.0,6.2,8.5,3,2,5,2,3,3,3,2,2,3,4,4
1008,30.5,24.5,3.505,12.388,3.372,1879.0,79.25,101.5,76.25,0.0,0.0,8.75,3,3,3,3,4,4,4,1,1,3,4,4
493,31.0,27.5,3.372,12.01,3.487,1936.0,74.0,93.5,71.0,132.9,12.5,8.25,3,4,3,4,3,3,3,2,3,3,3,3
1460,32.0,25.5,3.571,12.753,3.864,1759.0,73.0,91.0,70.75,155.0,19.0,8.0,4,3,5,3,3,2,3,3,4,2,4,4
568,33.5,25.5,3.322,12.209,3.195,1983.0,78.0,99.0,74.5,175.0,14.8,9.5,4,3,2,4,3,4,3,3,3,4,3,3
1106,34.0,27.0,3.89,11.933,3.22,1872.0,81.5,103.5,77.0,206.0,25.2,10.0,4,4,2,3,4,4,4,4,5,5,3,5
586,35.0,29.0,3.298,11.776,3.347,2028.0,78.0,96.5,71.5,158.1,18.1,8.75,4,5,3,5,3,3,3,3,4,3,3,3
1185,31.5,24.0,3.698,12.739,3.854,1720.0,80.0,101.5,77.5,174.0,10.0,8.5,3,3,5,2,4,4,4,3,3,3,4,4
422,33.0,27.5,3.424,13.635,3.55,1827.0,77.0,98.5,73.5,209.6,16.3,8.5,4,4,4,3,3,3,3,5,4,3,5,3
848,29.0,24.0,3.464,12.104,3.631,1899.0,74.75,93.5,71.5,179.2,19.1,9.0,3,3,4,4,3,3,3,3,4,4,3,3
890,36.0,27.5,3.427,11.89,3.325,1994.0,78.0,96.5,73.0,192.5,21.3,9.25,5,4,3,4,3,3,3,4,5,4,3,3
1002,31.5,24.5,3.512,12.841,3.355,1856.0,79.5,102.5,76.5,187.0,15.5,9.5,3,3,3,3,4,4,4,4,4,4,4,4
1353,29.0,24.0,4.058,13.412,3.521,1647.0,81.0,102.5,77.5,194.1,10.3,8.5,3,3,4,2,4,4,4,4,3,3,5,5
1151,32.0,23.0,3.29,11.487,3.476,1954.0,74.5,97.0,74.0,197.0,21.1,8.0,4,3,3,4,3,3,3,4,5,2,2,3
221,31.0,25.0,3.532,13.728,3.83,1696.0,78.5,102.0,79.75,179.4,6.1,9.0,3,3,5,2,4,4,4,3,2,4,5,4
502,32.0,24.0,3.736,11.952,3.48,1847.0,79.5,102.0,77.25,213.4,23.2,9.0,4,3,3,3,4,4,4,5,5,4,3,4
581,32.5,29.0,3.131,12.291,3.723,1874.0,83.75,102.0,77.5,173.8,19.3,9.0,4,5,4,3,5,4,4,3,4,4,4,3
1246,31.0,25.5,4.47,11.867,3.472,1719.0,75.75,98.0,73.0,183.3,7.5,9.0,3,3,3,2,3,3,3,4,2,4,3,5
280,31.0,25.5,3.288,13.008,3.656,1841.0,73.0,91.5,70.5,147.0,11.0,9.0,3,3,4,3,3,2,3,2,3,4,5,3
1483,36.0,30.0,6.764,13.966,3.714,1811.0,77.0,97.5,72.75,174.6,11.5,9.25,5,5,4,3,3,3,3,3,3,4,5,5
1466,33.0,28.0,3.431,13.02,4.113,1735.0,78.5,100.0,74.5,183.8,10.3,9.25,4,4,5,2,4,4,3,4,3,4,5,3
1170,37.5,30.5,3.167,11.095,3.465,2096.0,74.0,93.5,71.5,162.5,14.3,8.25,5,5,3,5,3,3,3,3,3,3,2,3
1076,36.5,30.5,3.258,11.468,3.102,2108.0,77.0,99.5,75.5,154.0,12.5,8.5,5,5,2,5,3,4,4,3,3,3,2,3
1153,29.0,24.5,3.386,12.66,3.541,1844.0,80.5,103.0,77.5,207.8,10.6,9.75,3,3,4,3,4,4,4,4,3,5,4,3
739,34.0,26.0,3.486,12.573,3.367,1912.0,82.5,104.5,79.5,204.4,10.1,9.0,4,4,3,4,4,4,4,4,3,4,4,4
250,31.5,26.5,3.388,11.823,3.226,1984.0,78.5,103.0,79.0,197.4,9.7,9.0,3,4,2,4,4,4,4,4,3,4,3,3
226,26.0,20.0,3.386,,3.415,1838.0,83.75,105.0,77.5,237.8,16.5,9.5,2,2,3,3,5,5,4,5,4,4,1,3
1241,31.0,26.5,3.496,11.985,3.676,1866.0,82.0,102.0,78.5,184.8,6.8,9.0,3,4,4,3,4,4,4,4,2,4,3,4
604,33.5,28.0,3.424,12.034,3.423,1960.0,70.5,88.0,69.75,137.1,4.0,8.0,4,4,3,4,2,2,2,2,2,2,3,3
428,33.0,28.0,3.18,12.007,3.418,2002.0,80.0,101.0,78.75,165.2,13.0,9.0,4,4,3,4,4,4,4,3,3,4,3,3
435,,27.5,3.3,11.959,3.752,1854.0,79.5,99.0,75.0,170.5,19.5,8.0,1,4,4,3,4,4,3,3,4,2,3,3
648,31.5,23.5,3.831,11.594,3.608,1814.0,79.5,102.5,78.0,188.4,4.6,8.5,3,3,4,3,4,4,4,4,2,3,3,5
1089,36.5,29.5,3.483,11.676,3.072,2051.0,81.5,106.5,80.5,194.0,15.4,9.25,5,5,2,5,4,5,5,4,4,4,3,4
1137,31.0,23.0,3.57,12.775,3.657,1775.0,78.5,99.0,75.0,153.0,16.2,9.5,3,3,4,3,4,4,3,3,4,4,4,4
1512,34.0,27.5,3.449,12.467,3.655,1884.0,85.5,107.5,79.5,233.0,26.4,9.5,4,4,4,3,5,5,4,5,5,4,4,3
223,33.0,25.5,3.558,12.045,3.178,1949.0,77.0,99.0,76.5,176.1,7.3,9.0,4,3,2,4,3,4,4,3,2,4,3,4
410,30.5,24.0,3.571,12.487,3.582,1817.0,81.0,105.5,80.5,199.3,6.7,9.0,3,3,4,3,4,5,5,4,2,4,4,4
279,23.5,18.5,3.774,14.109,3.958,1456.0,86.75,110.0,83.0,244.0,29.7,10.0,1,1,5,1,5,5,5,5,5,5,5,4
869,34.5,29.5,,,,2190.0,,,,,,,4,5,1,5,1,1,1,1,1,1,1,1
670,34.5,27.0,,,,2140.0,,,,,,,4,4,1,5,1,1,1,1,1,1,1,1
565,27.0,22.0,3.566,12.867,3.28,1790.0,81.5,103.0,77.5,205.0,11.4,9.5,2,2,3,3,4,4,4,4,3,4,4,4
1123,,35.0,3.141,11.093,3.236,2146.0,81.0,100.0,76.0,190.9,19.6,9.5,1,5,3,5,4,4,4,4,4,4,2,3
1149,34.0,26.5,3.631,11.202,3.89,1892.0,76.5,97.0,74.5,173.9,7.9,9.5,4,4,5,4,3,3,3,3,2,4,2,4
1356,34.0,29.0,3.509,12.123,3.044,2008.0,78.5,98.5,73.5,156.8,10.2,10.0,4,5,2,4,4,3,3,3,3,5,3,4
1410,40.5,32.0,3.143,11.436,3.327,2115.0,74.75,95.0,73.0,165.2,15.5,8.5,5,5,3,5,3,3,3,3,4,3,2,3
451,29.5,25.0,3.33,12.134,3.4,1919.0,76.0,95.0,71.0,194.2,24.0,8.25,3,3,3,4,3,3,3,4,5,3,3,3
845,28.0,24.5,3.799,12.762,3.353,1763.0,82.5,108.0,81.5,266.0,29.9,10.75,2,3,3,3,4,5,5,5,5,5,4,4
1342,24.0,20.5,3.454,11.7329999999999,3.551,1801.0,68.0,88.0,67.5,136.6,10.6,8.0,1,2,4,3,2,2,2,2,3,2,3,3
1172,29.0,23.0,4.051,13.26,3.441,1666.0,79.5,105.0,81.0,212.9,13.9,8.25,3,3,3,2,4,5,5,5,3,3,5,5
1374,35.0,28.0,3.196,11.383,3.37899999999999,2056.0,84.0,104.0,77.0,193.3,17.4,9.25,4,4,3,5,5,4,4,4,4,4,2,3
267,33.0,29.0,3.382,12.706,3.218,1961.0,84.0,106.5,79.0,172.0,13.4,9.75,4,5,2,4,5,5,4,3,3,5,4,3
1420,23.5,22.5,3.514,12.025,3.483,1807.0,78.0,100.5,76.25,179.3,20.8,7.75,1,2,3,3,3,4,4,3,5,2,3,4
787,31.5,25.5,,,,2050.0,,,,,,,3,3,1,5,1,1,1,1,1,1,1,1
1443,28.0,22.5,3.789,12.1309999999999,3.445,1842.0,81.25,103.0,76.5,213.0,12.5,9.0,2,2,3,3,4,4,4,5,3,4,3,4
911,33.5,26.5,3.13,11.831,3.253,2041.0,76.5,96.0,72.5,172.0,8.9,9.25,4,4,3,5,3,3,3,3,3,4,3,3
480,29.0,26.5,3.403,12.308,3.764,1828.0,78.0,101.0,80.0,232.9,25.6,8.75,3,4,4,3,3,4,4,5,5,3,4,3
1113,,,3.388,12.934,3.51,1738.0,,,,,,,1,1,4,2,1,1,1,1,1,1,5,3
475,29.5,25.5,3.311,11.953,3.615,1897.0,74.5,97.0,75.5,167.4,12.3,8.25,3,3,4,4,3,3,4,3,3,3,3,3
1425,,27.5,3.46,12.859,3.595,1798.0,79.25,99.0,75.0,170.0,17.7,8.75,1,4,4,3,4,4,3,3,4,3,4,3
299,,26.0,3.418,12.19,3.298,1909.0,80.0,101.5,77.5,174.1,13.5,8.75,1,4,3,4,4,4,4,3,3,3,3,3
301,36.5,29.0,3.537,12.793,3.755,1847.0,77.0,95.5,72.5,140.0,7.0,8.5,5,5,4,3,3,3,3,2,2,3,4,4
1088,35.0,30.5,3.256,11.362,3.196,2095.0,78.0,98.0,76.5,183.2,12.6,8.0,4,5,2,5,3,3,4,4,3,2,2,3
391,36.0,33.5,3.231,12.446,3.512,2001.0,78.0,97.5,75.0,178.5,15.5,8.25,5,5,4,4,3,3,3,3,4,3,4,3
956,22.5,17.5,3.424,13.712,3.378,1665.0,71.0,91.0,69.25,128.2,7.3,7.75,1,1,3,2,2,2,2,2,2,2,5,3
657,35.5,26.5,3.376,12.716,3.521,1912.0,78.0,99.0,76.5,170.4,6.5,8.0,5,4,4,4,3,4,4,3,2,2,4,3
446,29.5,24.0,3.291,12.46,3.59,1863.0,73.75,95.5,73.0,174.0,14.7,9.0,3,3,4,3,3,3,3,3,3,4,4,3
672,28.5,24.0,3.772,12.235,3.469,1796.0,83.25,106.0,83.25,189.0,17.2,9.5,3,3,3,3,4,5,5,4,4,4,3,4
1098,30.5,25.5,3.302,12.258,3.332,1937.0,71.0,91.5,69.5,146.0,10.1,9.0,3,3,3,4,2,2,2,2,3,4,4,3
779,41.5,30.0,3.086,11.152,3.267,2169.0,77.0,95.5,70.75,160.2,19.3,8.25,5,5,3,5,3,3,3,3,4,3,2,2
858,28.0,20.5,3.709,12.066,3.355,1787.0,83.5,108.0,81.0,213.0,10.6,10.0,2,2,3,3,5,5,5,5,3,5,3,4
736,32.5,22.5,3.404,11.726,3.598,1893.0,79.0,99.5,77.0,172.0,16.6,9.0,4,2,4,4,4,4,4,3,4,4,3,3
894,32.5,24.5,3.136,11.813,3.885,1889.0,77.75,97.5,73.5,185.0,25.7,9.0,4,3,5,3,3,3,3,4,5,4,3,3
1452,30.0,22.5,3.382,12.7259999999999,3.905,1743.0,78.75,102.5,78.5,188.2,9.0,8.5,3,2,5,2,4,4,4,4,3,3,4,3
243,29.5,24.0,3.448,11.896,3.487,1883.0,73.5,95.5,73.0,162.0,6.9,9.0,3,3,3,3,3,3,3,3,2,4,3,3
509,30.5,24.5,3.522,12.969,3.576,1799.0,81.5,104.0,78.0,214.0,21.6,10.25,3,3,4,3,4,4,4,5,5,5,5,4
1338,31.0,25.0,3.302,11.935,3.543,1921.0,74.0,93.5,71.0,172.4,20.2,9.0,3,3,4,4,3,3,3,3,4,4,3,3
950,33.5,29.5,3.412,11.981,3.373,1985.0,81.0,101.5,76.0,190.1,18.2,9.25,4,5,3,4,4,4,4,4,4,4,3,3
1409,24.0,21.5,3.612,13.191,3.637,1667.0,84.0,109.5,82.5,253.0,27.9,10.75,1,2,4,2,5,5,5,5,5,5,5,4
1273,30.0,24.0,3.629,11.841,3.302,1890.0,79.0,98.0,80.0,179.2,5.9,9.5,3,3,3,3,4,3,4,3,2,4,3,4
776,28.5,24.5,3.255,13.212,3.885,1747.0,86.25,110.0,82.75,248.0,26.6,10.0,3,3,5,2,5,5,5,5,5,5,5,3
1193,36.5,28.0,3.168,11.8929999999999,3.695,1977.0,81.0,99.5,74.5,178.1,19.9,8.25,5,4,4,4,4,4,3,3,4,3,3,3
1132,27.0,23.0,3.963,13.593,3.695,1593.0,83.0,107.0,81.5,231.0,15.0,9.25,2,3,4,1,4,5,5,5,4,4,5,5
903,29.0,22.0,4.591,12.746,3.37,1623.0,82.0,104.0,79.0,197.1,8.25,9.0,3,2,3,2,4,4,4,4,2,4,4,5
1303,28.5,25.5,3.369,11.88,3.417,1916.0,72.5,92.0,70.0,155.0,18.9,8.5,3,3,3,4,2,2,3,3,4,3,3,3
373,,27.0,3.422,12.679,3.67,1794.0,76.5,95.5,74.0,189.0,22.0,8.5,1,4,4,3,3,3,3,4,5,3,4,3
1180,31.0,22.5,,,,1970.0,,,,,,,3,2,1,4,1,1,1,1,1,1,1,1
398,34.5,28.0,3.383,11.893,3.28,2003.0,75.0,93.5,70.0,165.5,17.7,8.5,4,4,3,4,3,3,3,3,4,3,3,3
1476,29.0,24.0,3.322,12.004,3.447,1905.0,75.0,97.0,74.0,190.0,19.8,8.25,3,3,3,4,3,3,3,4,4,3,3,3
1091,32.0,26.5,3.354,11.763,3.239,1998.0,78.0,101.0,78.0,175.0,14.5,9.5,4,4,3,4,3,4,4,3,3,4,3,3
1087,32.0,27.0,3.372,12.448,3.786,1847.0,82.0,103.0,76.0,189.0,9.4,10.0,4,4,5,3,4,4,4,4,3,5,4,3
980,32.5,27.0,3.559,12.157,3.935,1795.0,75.0,95.0,72.5,184.5,18.1,8.25,4,4,5,3,3,3,3,4,4,3,3,4
1177,32.5,25.5,3.272,12.653,3.782,1844.0,72.0,92.0,69.75,141.0,6.2,8.25,4,3,4,3,2,2,2,2,2,3,4,3
1268,37.5,30.0,3.134,11.876,3.099,2112.0,78.5,98.0,73.5,176.0,15.6,8.5,5,5,2,5,4,3,3,3,4,3,3,3
964,35.0,30.5,3.203,10.982,3.227,2125.0,78.0,98.5,75.5,181.9,18.8,8.75,4,5,3,5,3,3,4,4,4,3,2,3
1276,29.0,25.0,3.322,12.824,3.34,1882.0,74.5,94.5,72.0,174.0,15.5,9.25,3,3,3,3,3,3,3,3,4,4,4,3
638,30.5,25.5,3.282,11.9,3.239,1977.0,74.0,96.0,71.0,171.0,20.4,8.75,3,3,3,4,3,3,3,3,5,3,3,3
570,,26.5,3.321,12.184,3.719,1832.0,83.0,104.5,80.0,201.3,23.4,9.0,1,4,4,3,4,4,4,4,5,4,3,3
926,,26.5,3.498,12.069,3.432,1874.0,74.5,95.5,74.0,192.1,19.2,8.25,1,4,3,3,3,3,3,4,4,3,3,4
763,36.0,28.5,3.433,12.397,3.508,1940.0,73.5,92.5,70.5,151.6,7.6,8.25,5,4,4,4,3,2,3,2,2,3,4,3
571,22.5,16.0,3.762,12.522,3.552,1608.0,66.0,87.5,67.5,126.0,14.2,7.75,1,1,4,1,1,2,2,2,3,2,4,4
318,31.5,25.5,3.293,11.5159999999999,3.433,1925.0,75.0,95.5,73.0,176.0,14.1,8.75,3,3,3,4,3,3,3,3,3,3,2,3
686,28.0,24.0,3.414,13.327,3.562,1781.0,85.5,107.0,80.75,183.5,19.7,9.0,2,3,4,3,5,5,5,4,4,4,5,3
806,35.0,29.0,3.431,11.852,3.415,1989.0,83.0,102.5,77.5,178.0,16.4,9.5,4,5,3,4,4,4,4,3,4,4,3,3
211,35.5,28.5,3.388,11.724,3.451,2041.0,78.0,99.0,75.0,149.2,6.1,8.5,5,4,3,5,3,4,3,2,2,3,3,3
1205,33.5,27.5,4.603,12.812,3.94,1581.0,80.0,101.0,77.75,216.0,10.9,9.0,4,4,5,1,4,4,4,5,3,4,4,5
691,35.0,27.5,3.492,11.482,3.427,1984.0,76.5,94.0,71.0,174.2,10.4,9.0,4,4,3,4,3,3,3,3,3,4,2,4
265,27.5,21.5,3.841,12.957,4.205,1536.0,75.0,93.5,73.0,157.0,15.2,9.25,2,2,5,1,3,3,3,3,4,4,5,5
930,41.0,29.5,,,,2280.0,,,,,,,5,5,1,5,1,1,1,1,1,1,1,1
603,32.5,27.0,3.191,12.602,3.544,1929.0,79.5,100.5,73.75,177.5,10.4,10.25,4,4,4,4,4,4,3,3,3,5,4,3
1277,,,3.382,13.404,3.647,1642.0,,,,,,,1,1,4,2,1,1,1,1,1,1,5,3
643,26.0,24.5,3.955,13.2229999999999,3.529,1662.0,82.0,103.0,76.5,261.0,34.5,9.75,2,3,4,2,4,4,4,5,5,5,5,5
464,,,3.42,11.183,3.226,1983.0,72.0,92.0,71.75,150.9,13.5,8.5,1,1,2,4,2,2,3,2,3,3,2,3
274,31.0,23.5,3.474,13.294,3.555,1793.0,82.5,102.0,79.5,201.0,20.2,9.0,3,3,4,3,4,4,4,4,4,4,5,4
784,34.0,28.0,3.115,12.912,3.66,1922.0,75.5,96.5,71.0,173.0,18.5,8.5,4,4,4,4,3,3,3,3,4,3,4,2
886,30.5,25.5,,,,2030.0,,,,,,,3,3,1,5,1,1,1,1,1,1,1,1
764,29.5,22.5,3.424,12.712,3.515,1824.0,81.25,105.5,79.0,208.0,9.9,9.5,3,2,4,3,4,5,4,4,3,4,4,3
675,24.5,18.0,3.386,13.2809999999999,3.675,1665.0,82.5,110.0,82.0,243.4,15.2,9.0,1,1,4,2,4,5,5,5,4,4,5,3
394,34.0,27.0,4.608,12.342,3.269,1749.0,78.5,102.0,78.0,160.6,4.0,8.5,4,4,3,2,4,4,4,3,2,3,4,5
484,36.0,31.0,3.541,12.306,3.24,1984.0,81.5,100.5,74.5,192.5,12.3,8.0,5,5,3,4,4,4,3,4,3,2,4,4
513,37.5,32.0,3.212,11.594,3.358,2077.0,78.5,97.5,74.0,165.8,17.7,9.0,5,5,3,5,4,3,3,3,4,4,3,3
1296,30.0,24.5,3.566,12.251,3.208,1898.0,81.0,99.5,74.5,178.8,19.4,9.25,3,3,2,4,4,4,3,3,4,4,4,4
678,29.5,22.5,3.325,12.8579999999999,3.69,1794.0,71.5,89.0,66.0,111.9,10.6,8.25,3,2,4,3,2,2,2,1,3,3,4,3
1486,33.0,28.5,3.407,11.851,3.684,2016.0,77.0,98.0,73.5,196.4,20.1,8.5,4,4,4,4,3,3,3,4,4,3,3,3
348,36.5,27.0,,,,2162.0,,,,,,,5,4,1,5,1,1,1,1,1,1,1,1
215,31.0,21.5,3.429,12.173,3.684,1882.0,69.0,89.0,70.5,159.5,12.8,8.5,3,2,4,3,2,2,3,3,3,3,3,3
878,31.5,25.0,3.347,12.084,3.213,1962.0,79.0,101.5,76.5,187.0,17.8,9.5,3,3,2,4,4,4,4,4,4,4,3,3
877,29.5,24.5,3.926,12.903,3.536,1719.0,79.0,101.0,77.75,185.6,20.9,9.0,3,3,4,2,4,4,4,4,5,4,4,5
874,,,3.376,12.009,3.496,1835.0,76.0,96.0,73.0,176.0,14.7,8.25,1,1,3,3,3,3,3,3,3,3,3,3
1376,30.5,24.5,9.954,11.86,3.318,1552.0,75.0,94.0,71.5,154.2,13.9,8.25,3,3,3,1,3,3,3,3,3,3,3,5
1355,32.0,24.0,3.408,12.314,3.265,1923.0,79.0,98.5,74.5,191.0,21.2,9.0,4,3,3,4,4,3,3,4,5,4,4,3
765,33.0,22.0,3.725,12.722,3.643,1756.0,79.0,102.0,76.0,184.4,9.0,9.0,4,2,4,3,4,4,4,4,3,4,4,4
1145,35.5,27.5,3.283,12.167,3.492,1972.0,78.0,98.5,73.0,171.0,20.1,8.5,5,4,3,4,3,3,3,3,4,3,3,3
510,35.0,,3.332,11.4259999999999,3.65199999999999,1941.0,76.5,96.5,74.0,212.2,22.6,8.75,4,1,4,4,3,3,3,5,5,3,2,3
1068,34.5,28.0,3.376,13.603,3.436,1875.0,80.5,99.5,74.75,163.0,17.8,9.0,4,4,3,3,4,4,3,3,4,4,5,3
1337,32.5,26.5,3.507,12.663,3.239,1911.0,79.0,101.5,77.0,170.0,14.1,9.0,4,4,3,4,4,4,4,3,3,4,4,4
1293,33.5,27.5,3.215,13.17,3.236,1954.0,76.0,99.0,75.0,167.0,14.3,10.0,4,4,3,4,3,4,3,3,3,5,5,3
432,34.0,28.0,3.388,11.3929999999999,3.491,1997.0,80.0,99.5,75.5,168.8,6.4,9.0,4,4,3,4,4,4,4,3,2,4,2,3
946,30.0,25.0,3.386,13.171,3.594,1814.0,84.5,108.0,80.5,196.2,9.8,9.5,3,3,4,3,5,5,5,4,3,4,5,3
1448,37.0,29.5,3.22,11.703,3.083,2101.0,76.0,97.5,74.5,185.0,18.8,9.75,5,5,2,5,3,3,3,4,4,5,3,3
248,38.5,30.0,3.245,11.8809999999999,3.676,1994.0,71.5,89.5,68.25,166.0,20.3,8.0,5,5,4,4,2,2,2,3,5,2,3,3
735,32.5,28.0,3.372,11.718,3.22399999999999,2013.0,75.0,93.0,72.0,169.8,17.1,8.25,4,4,2,4,3,3,3,3,4,3,3,3
1362,34.0,26.5,3.384,12.988,3.819,1812.0,75.5,98.0,74.0,160.0,14.2,8.5,4,4,5,3,3,3,3,3,3,3,5,3
1224,30.5,26.0,3.425,12.173,3.361,1922.0,77.0,98.5,73.5,159.2,8.8,8.0,3,4,3,4,3,3,3,3,3,2,3,3
476,27.5,20.5,3.605,12.229,3.882,1687.0,81.25,104.0,78.5,210.3,11.3,10.0,2,2,5,2,4,4,4,5,3,5,3,4
1397,32.5,24.5,3.286,11.481,2.962,2055.0,76.0,99.0,76.5,173.0,14.4,8.25,4,3,2,5,3,4,4,3,3,3,2,3
1245,30.0,24.5,3.724,13.212,3.714,1712.0,81.0,102.0,78.5,214.0,19.9,9.5,3,3,4,2,4,4,4,5,4,4,5,4
359,28.5,21.0,3.335,12.616,3.446,1830.0,70.0,91.5,71.0,138.0,6.8,7.75,3,2,3,3,2,2,3,2,2,2,4,3
285,30.0,23.5,3.442,13.284,3.244,1819.0,77.0,96.5,74.0,189.0,18.9,8.0,3,3,3,3,3,3,3,4,4,2,5,3
507,35.5,30.5,3.376,11.639,3.536,2001.0,76.25,96.0,71.75,189.2,13.0,8.75,5,5,4,4,3,3,3,4,3,3,3,3
706,26.0,20.5,3.692,11.576,3.187,1837.0,71.75,91.0,71.0,139.8,4.0,8.75,2,2,2,3,2,2,3,2,2,3,2,4
1412,30.5,24.5,3.567,13.235,4.145,1643.0,78.0,99.0,75.0,202.4,29.0,8.5,3,3,5,2,3,4,3,4,5,3,5,4
876,30.5,25.5,3.523,12.584,3.388,1864.0,81.0,103.5,78.5,190.2,16.3,9.5,3,3,3,3,4,4,4,4,4,4,4,4
1006,30.0,24.0,3.475,12.745,3.906,1740.0,78.25,99.0,75.5,196.2,21.0,9.75,3,3,5,2,4,4,4,4,5,5,4,4
297,31.0,23.5,3.382,12.663,3.81399999999999,1790.0,79.5,101.0,76.0,181.4,12.1,8.0,3,3,5,3,4,4,4,4,3,2,4,3
465,35.0,26.0,3.279,11.792,3.548,1971.0,77.5,96.5,72.5,146.3,8.6,8.25,4,4,4,4,3,3,3,2,2,3,3,3
393,34.5,28.5,3.307,12.082,3.476,1978.0,78.0,101.0,78.0,195.0,20.1,9.0,4,4,3,4,3,4,4,4,4,4,3,3
716,33.5,25.5,3.53,11.779,3.595,1902.0,80.0,97.0,73.5,205.5,23.7,8.75,4,3,4,4,4,3,3,4,5,3,3,4
1158,22.0,18.5,4.45,13.093,3.767,1438.0,80.5,105.0,80.5,0.0,0.0,9.75,1,1,4,1,4,5,5,1,1,5,5,5
1319,33.0,28.0,3.343,11.084,3.301,2049.0,77.0,98.5,75.5,197.0,16.8,8.25,4,4,3,5,3,3,4,4,4,3,2,3
1436,35.0,27.0,3.413,12.148,3.565,1932.0,80.5,100.5,77.0,184.45,15.9,8.5,4,4,4,4,4,4,4,4,4,3,3,3
459,31.0,27.0,3.237,12.263,3.328,1966.0,79.5,103.5,79.0,200.0,19.9,9.0,3,4,3,4,4,4,4,4,4,4,4,3
865,34.0,28.0,3.234,13.033,3.41899999999999,1937.0,83.5,105.5,79.0,187.7,17.6,9.5,4,4,3,4,5,5,4,4,4,4,5,3
433,39.0,30.5,3.116,11.372,3.929,1995.0,78.75,97.5,73.0,170.6,10.2,9.0,5,5,5,4,4,3,3,3,3,4,2,2
1237,30.5,24.5,3.424,12.738,3.552,1842.0,76.0,95.5,71.75,224.2,19.9,9.25,3,3,4,3,3,3,3,5,4,4,4,3
1135,32.5,28.5,3.13,11.3129999999999,3.108,2108.0,73.0,93.0,72.0,147.4,12.2,7.75,4,4,2,5,3,3,3,2,3,2,2,3
866,34.5,26.5,3.417,11.922,3.377,1970.0,83.0,104.0,78.5,228.7,25.4,9.0,4,4,3,4,4,4,4,5,5,4,3,3
623,30.0,24.5,3.376,11.9409999999999,3.50399999999999,1904.0,77.5,99.0,76.25,202.6,11.3,9.0,3,3,3,4,3,4,4,4,3,4,3,3
1323,,17.5,3.393,11.457,3.531,1799.0,79.0,100.5,77.0,195.4,15.9,8.75,1,1,4,3,4,4,4,4,4,3,2,3
596,34.0,28.0,3.244,11.0209999999999,3.304,2079.0,72.0,92.0,71.0,158.7,17.6,8.25,4,4,3,5,2,2,3,3,4,3,2,3
777,,19.0,3.281,11.527,3.851,1755.0,78.0,100.5,76.5,224.9,24.4,9.0,1,1,5,2,3,4,4,5,5,4,2,3
1514,29.5,21.5,3.524,12.413,3.296,1838.0,76.0,98.5,75.0,146.0,6.1,8.25,3,2,3,3,3,3,3,2,2,3,4,4
1152,32.5,,3.386,12.24,3.208,2044.0,83.0,98.0,78.0,196.0,9.1,9.0,4,1,2,5,4,3,4,4,3,4,3,3
1108,37.0,29.5,3.416,12.579,3.946,1842.0,80.0,99.5,75.0,177.2,7.1,8.5,5,5,5,3,4,4,3,3,2,3,4,3
1174,28.0,23.5,3.431,12.193,3.281,1891.0,78.0,98.0,76.0,186.0,18.8,7.75,2,3,3,4,3,3,4,4,4,2,3,3
640,29.5,23.0,3.61,,3.291,1892.0,80.0,101.5,79.0,189.6,18.9,8.75,3,3,3,4,4,4,4,4,4,3,1,4
460,32.5,26.5,3.406,11.486,3.419,1970.0,73.0,97.5,74.5,170.0,6.3,8.25,4,4,3,4,3,3,3,3,2,3,2,3
816,,32.0,3.388,13.162,3.813,1759.0,78.5,99.0,75.25,175.2,7.1,8.5,1,5,5,3,4,4,4,3,2,3,5,3
1490,37.0,29.0,3.808,11.929,3.337,2175.0,150.0,77.0,190.7,190.7,9.0,8.5,5,5,3,5,5,1,5,4,3,3,3,4
298,33.5,29.0,3.446,11.94,3.696,1913.0,80.0,103.0,81.0,162.5,14.9,8.75,4,5,4,4,4,4,5,3,3,3,3,3
1236,31.0,25.0,3.186,11.186,3.534,1991.0,72.5,91.0,71.0,151.3,15.2,8.25,3,3,4,4,2,2,3,2,4,3,2,3
744,32.0,28.0,3.627,11.825,3.382,1948.0,73.75,92.5,69.75,192.9,23.6,8.5,4,4,3,4,3,2,2,4,5,3,3,4
203,32.5,24.5,3.412,11.625,3.268,1976.0,75.0,96.5,74.5,162.4,16.8,8.25,4,3,3,4,3,3,3,3,4,3,3,3
940,,28.5,3.588,12.795,3.54399999999999,1792.0,77.5,99.5,74.5,176.8,16.6,9.25,1,4,4,3,3,4,3,3,4,4,4,4
1348,,,3.43,11.511,3.29,1927.0,74.0,96.0,73.25,146.5,11.5,8.0,1,1,3,4,3,3,3,2,3,2,2,3
550,37.0,28.5,3.194,10.3709999999999,3.207,2178.0,71.5,90.5,71.0,169.2,14.5,8.5,5,4,2,5,2,2,3,3,3,3,1,3
1354,34.0,28.0,3.296,12.305,3.721,1908.0,75.0,93.0,70.0,152.8,14.0,8.0,4,4,4,4,3,3,3,3,3,2,4,3
228,31.0,26.0,3.46,12.184,3.079,1959.0,79.0,98.0,74.0,190.0,17.5,9.75,3,4,2,4,4,3,3,4,4,5,3,3
1469,25.5,16.5,3.475,12.296,3.521,1722.0,75.5,95.5,70.0,191.0,22.1,8.5,2,1,4,2,3,3,3,4,5,3,4,4
1255,32.0,25.5,3.723,12.615,,1840.0,80.0,99.5,78.5,174.4,17.0,9.0,4,3,1,3,4,4,4,3,4,4,4,4
633,29.5,25.0,3.568,13.451,3.302,1802.0,85.5,108.0,81.5,192.0,17.6,10.25,3,3,3,3,5,5,5,4,4,5,5,4
1171,26.5,21.0,3.513,12.641,3.303,1794.0,73.0,94.0,70.0,171.0,17.4,8.75,2,2,3,3,3,3,3,3,4,3,4,4
351,35.5,26.0,3.304,12.078,3.38,1982.0,79.0,102.5,77.75,182.0,12.9,8.5,5,4,3,4,4,4,4,4,3,3,3,3
696,29.5,23.0,3.523,12.958,3.69,1759.0,77.25,98.0,72.5,184.2,12.7,8.0,3,3,4,3,3,3,3,4,3,2,5,4
1039,34.0,27.0,3.382,13.785,3.89,1746.0,83.0,105.0,80.0,224.0,14.1,8.75,4,4,5,2,4,5,4,5,3,3,5,3
1442,40.0,31.5,3.143,10.999,3.288,2155.0,79.0,98.5,74.0,166.1,12.7,8.25,5,5,3,5,4,3,3,3,3,3,2,3
988,26.0,19.0,3.657,12.513,3.689,1681.0,75.0,96.5,74.5,183.0,21.0,8.5,2,1,4,2,3,3,3,4,5,3,4,4
1427,31.0,24.0,3.453,12.634,3.754,1792.0,70.5,89.5,67.5,135.0,13.4,8.75,3,3,4,3,2,2,2,2,3,3,4,3
1484,29.0,23.0,3.643,12.575,3.224,1836.0,77.0,98.5,74.0,203.0,20.3,9.0,3,3,2,3,3,3,3,4,5,4,4,4
1516,25.0,20.5,3.388,11.66,3.653,1801.0,76.0,95.0,72.0,176.4,22.9,8.5,2,2,4,3,3,3,3,3,5,3,3,3
551,28.5,25.5,3.551,11.372,3.461,1906.0,76.0,96.0,73.0,144.2,14.3,8.75,3,3,3,4,3,3,3,2,3,3,2,4
1038,32.5,25.5,3.456,12.517,3.74,1830.0,77.5,96.5,73.0,231.4,20.0,8.5,4,3,4,3,3,3,3,5,4,3,4,3
904,35.0,27.5,3.279,11.013,3.11,2107.0,76.5,97.0,74.0,172.0,16.1,8.5,4,4,2,5,3,3,3,3,4,3,2,3
232,35.5,29.0,3.4,11.952,3.086,2041.0,77.0,97.0,73.0,170.0,10.2,8.75,5,5,2,5,3,3,3,3,3,3,3,3
658,29.5,23.0,3.424,12.373,3.61,1833.0,75.75,96.0,72.0,225.4,19.0,9.0,3,3,4,3,3,3,3,5,4,4,4,3
501,36.0,29.5,3.303,11.862,4.175,1852.0,72.0,93.0,70.5,167.0,13.5,8.5,5,5,5,3,2,3,3,3,3,3,3,3
937,34.0,25.5,3.274,11.743,3.201,2023.0,72.5,92.0,69.5,132.2,12.6,7.75,4,3,2,4,2,2,2,2,3,2,3,3
734,29.0,23.5,3.388,12.2679999999999,3.433,1879.0,76.75,101.5,77.5,201.4,8.6,9.5,3,3,3,3,3,4,4,4,2,4,4,3
1143,,,3.479,11.564,3.19,1932.0,,,,,,,1,1,2,4,1,1,1,1,1,1,2,4
713,31.0,24.0,3.453,13.036,3.28,1866.0,74.0,93.0,70.75,161.8,18.3,8.25,3,3,3,3,3,3,3,3,4,3,5,3
506,35.0,27.0,3.388,11.924,3.55899999999999,1951.0,76.5,97.5,73.5,166.0,13.7,9.0,4,4,4,4,3,3,3,3,3,4,3,3
1482,35.0,26.5,3.153,12.354,3.464,1984.0,81.0,98.0,74.25,175.5,12.8,9.0,4,4,3,4,4,3,3,3,3,4,4,3
1214,34.0,26.5,3.388,11.807,3.447,1968.0,77.0,98.5,74.5,182.0,7.7,9.25,4,4,3,4,3,3,3,4,2,4,3,3
1339,31.0,25.0,3.47,12.928,3.422,1848.0,80.0,103.0,77.0,215.0,27.0,10.25,3,3,3,3,4,4,4,5,5,5,5,4
1148,26.5,21.5,3.406,11.839,3.531,1831.0,76.0,96.5,73.5,171.7,17.3,8.25,2,2,4,3,3,3,3,3,4,3,3,3
827,,,3.278,11.777,3.617,1845.0,76.0,94.0,70.0,187.9,22.6,8.25,1,1,4,3,3,3,3,4,5,3,3,3
818,36.5,25.5,3.632,12.724,3.494,1862.0,84.25,106.5,79.0,207.1,13.2,8.5,5,3,3,3,5,5,4,4,3,3,4,4
620,,,3.409,12.68,3.50399999999999,1758.0,75.5,94.5,71.0,170.7,17.8,8.25,1,1,3,3,3,3,3,3,4,3,4,3
1492,35.0,30.0,3.281,11.95,3.631,1974.0,80.0,101.0,74.5,165.0,15.7,9.5,4,5,4,4,4,4,3,3,4,4,3,3
1257,31.0,26.0,3.386,11.805,3.373,1952.0,74.75,96.0,74.25,171.4,7.2,8.5,3,4,3,4,3,3,3,3,2,3,3,3
409,29.5,23.5,3.458,12.432,3.414,1857.0,80.0,104.0,77.0,212.0,23.9,9.5,3,3,3,3,4,4,4,5,5,4,4,3
833,29.5,24.5,3.199,12.001,3.668,1893.0,73.0,95.0,74.0,164.6,11.1,8.0,3,3,4,4,3,3,3,3,3,2,3,3
377,29.0,22.5,3.376,12.323,3.51899999999999,1851.0,73.5,95.5,74.5,164.0,7.0,7.5,3,2,4,3,3,3,3,3,2,1,4,3
957,28.0,25.0,3.261,,3.332,1959.0,82.0,103.5,76.0,188.0,20.3,9.25,2,3,3,4,4,4,4,4,5,4,1,3
751,30.5,23.0,3.423,11.705,3.641,1873.0,74.0,93.0,71.0,149.2,7.1,8.0,3,3,4,3,3,3,3,2,2,2,3,3
753,33.5,26.5,3.605,12.492,3.772,1811.0,78.25,96.0,74.0,166.5,7.0,9.0,4,4,4,3,4,3,3,3,2,4,4,4
1163,23.0,26.0,3.557,12.138,3.586,1796.0,79.0,98.0,73.5,217.8,17.1,10.25,1,4,4,3,4,3,3,5,4,5,3,4
1449,27.5,23.0,3.424,12.9829999999999,3.578,2019.0,76.5,97.0,72.25,177.8,11.0,8.0,2,3,4,4,3,3,3,3,3,2,5,3
375,28.5,28.5,3.339,11.571,3.236,1994.0,73.0,93.0,70.5,150.0,11.8,7.5,3,4,3,4,3,3,3,2,3,1,2,3
843,27.5,23.5,3.702,,3.873,1698.0,85.0,104.0,76.5,235.8,28.4,9.5,2,3,5,2,5,4,4,5,5,4,1,4
694,27.5,23.0,3.497,12.055,3.304,1868.0,74.5,96.5,72.5,181.0,9.6,8.25,2,3,3,3,3,3,3,4,3,3,3,4
828,39.0,30.5,3.47,12.104,3.369,2006.0,81.75,104.5,80.5,181.9,5.8,9.25,5,5,3,4,4,4,5,4,2,4,3,4
1507,30.5,24.0,3.516,13.132,3.566,1792.0,78.5,102.0,76.5,162.25,13.4,9.5,3,3,4,3,4,4,4,3,3,4,5,4
830,32.0,24.5,3.193,12.268,4.131,1785.0,79.5,102.0,74.5,161.25,11.1,8.25,4,3,5,3,4,4,3,3,3,3,4,3
906,31.0,23.0,4.03,12.148,3.573,1730.0,80.25,104.5,80.0,191.9,9.5,8.75,3,3,4,2,4,4,4,4,3,3,3,5
508,31.0,25.0,3.581,13.184,3.583,1779.0,77.5,101.0,76.0,189.0,15.7,10.0,3,3,4,3,3,4,4,4,4,5,5,4
380,30.5,24.0,3.463,11.615,3.174,2161.0,64.125,50.5,37.875,95.75,7.55,4.5,3,3,2,5,1,1,1,1,2,1,3,3
466,26.5,21.5,3.643,12.911,3.53899999999999,1720.0,81.5,104.0,79.0,226.0,15.0,8.5,2,2,4,2,4,4,4,5,4,3,4,4
461,31.0,24.0,3.549,11.119,3.248,1968.0,72.5,90.0,69.5,153.4,15.9,8.5,3,3,3,4,2,2,2,3,4,3,2,4
968,30.0,24.0,3.453,11.648,3.189,1951.0,77.5,97.5,72.0,191.0,23.0,9.5,3,3,2,4,3,3,3,4,5,4,3,3
1369,36.0,29.0,3.376,11.634,3.081,2072.0,76.5,95.5,73.0,168.0,8.45,8.5,5,5,2,5,3,3,3,3,2,3,3,3
498,32.5,26.0,3.522,13.056,3.385,1856.0,81.0,102.5,76.0,176.0,9.5,9.0,4,4,3,3,4,4,4,3,3,4,5,4
1141,37.0,32.5,3.528,13.08,3.601,1881.0,79.0,102.5,77.5,175.0,14.1,9.25,5,5,4,3,4,4,4,3,3,4,5,4
1182,30.0,26.0,3.379,12.197,3.259,1937.0,72.5,92.0,70.5,161.0,17.5,9.5,3,4,3,4,2,2,3,3,4,4,3,3
387,34.5,28.5,3.137,12.35,4.088,1855.0,72.25,92.5,70.5,144.5,8.3,7.5,4,4,5,3,2,2,3,2,2,1,4,3
237,32.0,16.5,3.301,13.814,3.53899999999999,1705.0,77.0,96.0,73.5,176.0,17.8,8.75,4,1,4,2,3,3,3,3,4,3,5,3
1463,28.0,23.5,3.683,12.155,3.241,1844.0,83.0,105.5,80.0,218.2,12.6,9.25,2,3,3,3,4,5,4,5,3,4,3,4
1422,38.5,31.5,3.586,12.393,3.53,1937.0,75.25,95.5,73.0,156.5,4.0,,5,5,4,4,3,3,3,3,2,1,4,4
892,32.0,27.5,3.357,12.242,3.908,1836.0,79.0,97.5,74.5,196.0,9.6,9.5,4,4,5,3,4,3,3,4,3,4,3,3
548,38.0,30.0,3.292,11.36,3.305,2080.0,75.5,95.0,72.0,185.0,7.7,9.0,5,5,3,5,3,3,3,4,2,4,2,3
575,35.0,30.0,3.422,12.5959999999999,3.739,1887.0,78.75,97.5,74.25,164.0,20.6,8.25,4,5,4,3,4,3,3,3,5,3,4,3
414,31.5,26.0,3.842,12.225,3.319,1826.0,77.0,98.5,74.0,160.0,11.5,9.25,3,4,3,3,3,3,3,3,3,4,3,5
1291,22.0,18.5,3.353,11.708,3.488,1797.0,79.0,97.5,72.0,161.0,14.3,8.75,1,1,3,3,4,3,3,3,3,3,3,3
1247,28.5,24.5,3.661,12.687,3.789,1726.0,79.25,101.0,75.5,173.1,10.0,9.0,3,3,5,2,4,4,4,3,3,4,4,4
1445,32.0,24.0,3.327,11.045,3.36899999999999,2004.0,75.0,93.0,69.5,177.5,24.1,8.5,4,3,3,4,3,3,2,3,5,3,2,3
505,39.5,28.5,3.468,11.149,3.218,2080.0,81.0,100.0,76.25,195.8,16.6,10.0,5,4,2,5,4,4,4,4,4,5,2,4
1399,28.5,24.5,3.388,12.088,3.057,1952.0,81.5,105.0,79.0,171.0,14.9,10.25,3,3,2,4,4,5,4,3,3,5,3,3
677,34.0,24.0,3.55,12.498,3.902,1773.0,72.0,91.0,69.5,148.0,12.4,8.0,4,3,5,3,2,2,2,2,3,2,4,4
321,28.5,23.5,3.564,12.453,3.328,1842.0,75.0,99.0,75.0,209.0,22.4,9.0,3,3,3,3,3,4,3,4,5,4,4,4
307,38.0,29.0,3.278,11.972,3.4,2079.0,78.0,96.5,74.0,176.1,8.0,9.0,5,5,3,5,3,3,3,3,2,4,3,3
810,26.0,22.5,3.78,13.332,4.098,1541.0,76.0,100.0,77.0,172.2,15.6,8.5,2,2,5,1,3,4,4,3,4,3,5,4
983,37.5,31.0,3.337,11.934,3.642,1979.0,79.0,94.5,72.5,169.2,20.6,8.75,5,5,4,4,4,3,3,3,5,3,3,3
1144,31.5,24.5,3.5,12.4709999999999,3.481,1865.0,82.5,104.0,79.0,152.0,7.0,9.5,3,3,3,3,4,4,4,2,2,4,4,4
1167,28.0,24.5,3.545,,3.562,1849.0,84.0,104.0,79.5,180.4,15.9,9.5,2,3,4,3,5,4,4,3,4,4,1,4
649,35.5,30.5,3.187,11.4959999999999,3.366,2072.0,78.5,97.0,75.0,171.8,13.9,8.25,5,5,3,5,4,3,3,3,3,3,2,3
1431,32.0,26.5,3.432,12.285,3.336,1933.0,81.75,104.5,80.0,205.0,11.0,9.25,4,4,3,4,4,4,4,4,3,4,4,3
374,36.5,29.5,3.299,11.7659999999999,3.54,2006.0,78.0,95.5,73.0,201.5,26.8,9.0,5,5,4,4,3,3,3,4,5,4,3,3
1519,32.0,25.5,,12.273,3.554,1882.0,79.75,102.0,77.5,199.8,20.8,10.0,4,3,4,3,4,4,4,4,5,5,4,1
732,34.0,27.5,3.688,12.092,3.448,1899.0,80.0,99.0,76.0,183.0,7.0,9.0,4,4,3,4,4,4,4,4,2,4,3,4
405,26.5,25.0,3.519,12.303,3.092,1892.0,77.5,101.5,77.5,185.0,16.5,9.0,2,3,2,4,3,4,4,4,4,4,4,4
785,32.5,26.5,3.424,12.464,3.991,1786.0,81.0,100.5,75.0,187.0,11.4,8.5,4,4,5,3,4,4,3,4,3,3,4,3
1250,37.0,26.5,3.522,12.316,3.498,1917.0,79.5,98.0,73.75,196.4,19.5,9.5,5,4,3,4,4,3,3,4,4,4,4,4
541,33.0,25.0,3.366,11.717,3.26,1988.0,80.25,100.5,77.0,198.3,7.2,10.5,4,3,3,4,4,4,4,4,2,5,3,3
1262,37.0,29.5,,,,2218.0,,,,,,,5,5,1,5,1,1,1,1,1,1,1,1
489,31.0,25.0,3.597,11.714,3.433,2086.0,65.75,52.75,40.25,93.35,5.7,4.875,3,3,3,5,1,1,1,1,2,1,3,4
344,27.0,20.0,3.425,12.235,3.524,1793.0,71.0,92.0,68.0,173.0,23.8,8.0,2,2,4,3,2,2,2,3,5,2,3,3
959,36.5,30.0,3.376,11.751,3.601,1983.0,76.25,97.5,72.0,182.0,10.3,9.0,5,5,4,4,3,3,3,4,3,4,3,3
402,28.0,25.5,3.598,11.953,3.83399999999999,1776.0,76.0,96.5,72.5,157.6,15.5,8.25,2,3,5,3,3,3,3,3,4,3,3,4
453,35.5,29.0,3.748,12.024,3.217,1949.0,77.5,94.0,76.5,192.2,5.1,9.5,5,5,2,4,3,3,4,4,2,4,3,4
342,30.0,23.0,3.643,12.805,3.586,1771.0,78.0,96.5,73.0,209.6,25.0,9.5,3,3,4,3,3,3,3,5,5,4,4,4
1027,34.0,28.0,3.24,11.782,3.22,2044.0,75.0,97.5,76.0,173.0,11.7,8.75,4,4,2,5,3,3,4,3,3,3,3,3
934,33.5,26.5,3.198,11.602,3.596,1980.0,75.5,94.0,72.0,179.1,18.7,8.75,4,4,4,4,3,3,3,3,4,3,3,3
556,27.0,25.0,3.487,12.373,3.764,1776.0,72.0,92.0,70.5,170.1,21.2,8.25,2,3,4,3,2,2,3,3,5,3,4,4
1474,32.0,24.0,3.198,12.677,3.52399999999999,2088.0,79.5,101.0,73.5,110.85,21.4,8.75,4,3,4,5,4,4,3,1,5,3,4,3
943,22.5,21.5,3.395,12.168,3.396,1815.0,80.5,100.5,76.5,185.7,17.0,9.0,1,2,3,3,4,4,4,4,4,4,3,3
614,27.0,23.5,3.801,13.1559999999999,3.935,1608.0,89.0,112.0,83.0,240.3,32.0,9.5,2,3,5,1,5,5,5,5,5,4,5,4
850,32.5,24.0,3.863,12.181,3.347,1830.0,79.75,99.0,75.0,167.5,16.6,10.0,4,3,3,3,4,4,3,3,4,5,3,5
1301,36.5,28.5,,,,2192.0,,,,,,,5,4,1,5,1,1,1,1,1,1,1,1
491,34.0,30.0,3.537,11.069,3.306,2035.0,78.5,99.0,79.0,194.5,6.8,9.0,4,5,3,5,4,4,4,4,2,4,2,4
883,,24.5,3.414,12.045,3.21,1922.0,74.5,95.0,72.5,138.8,11.3,8.0,1,3,2,4,3,3,3,2,3,2,3,3
720,29.0,26.0,3.389,12.8,3.668,1822.0,76.5,95.5,73.5,174.5,13.7,8.0,3,4,4,3,3,3,3,3,3,2,4,3
1187,31.5,21.5,3.404,13.029,4.105,1667.0,76.0,96.0,73.75,176.6,22.6,8.5,3,2,5,2,3,3,3,3,5,3,5,3
805,31.5,24.0,3.3,12.52,3.47899999999999,1895.0,74.0,92.0,69.5,151.6,15.1,8.75,3,3,3,4,3,2,2,2,4,3,4,3
1439,38.0,30.5,3.165,10.5979999999999,3.136,2195.0,81.5,100.0,74.0,185.0,21.6,9.25,5,5,2,5,4,4,3,4,5,4,1,3
1330,34.5,24.0,3.418,13.104,3.596,1840.0,85.25,107.5,80.0,193.2,8.5,9.5,4,3,4,3,5,5,4,4,2,4,5,3
1454,27.5,23.0,3.602,13.4609999999999,3.70399999999999,1687.0,83.0,107.5,81.25,217.0,12.8,8.75,2,3,4,2,4,5,5,5,3,3,5,4
800,30.5,25.0,3.425,11.689,3.551,1908.0,74.75,93.5,70.5,161.8,10.4,8.5,3,3,4,4,3,3,3,3,3,3,3,3
612,40.0,26.5,3.313,12.032,3.53899999999999,1986.0,80.0,100.5,75.5,173.0,18.0,8.75,5,4,4,4,4,4,4,3,4,3,3,3
539,32.0,24.5,3.38,13.184,3.61,1823.0,76.0,94.5,71.5,205.0,9.5,9.0,4,3,4,3,3,3,3,4,3,4,5,3
781,36.0,28.0,3.388,11.219,3.40199999999999,2034.0,72.0,92.0,70.0,159.4,8.0,8.25,5,4,3,5,2,2,3,3,2,3,2,3
1411,31.5,27.5,3.576,12.505,3.875,1781.0,82.0,102.0,76.0,176.8,21.4,9.25,3,4,5,3,4,4,4,3,5,4,4,4
220,34.0,27.5,3.325,11.777,3.68,1941.0,78.0,97.5,72.5,166.0,8.4,8.5,4,4,4,4,3,3,3,3,2,3,3,3
875,31.5,26.5,3.719,12.987,3.586,1785.0,85.0,105.0,80.5,183.3,7.1,10.25,3,4,4,3,5,5,5,4,2,5,5,4
961,31.5,24.5,3.451,11.797,3.753,1854.0,75.5,95.5,71.5,143.4,16.3,8.75,3,3,4,3,3,3,3,2,4,3,3,3
723,33.5,27.5,3.256,10.927,3.387,2062.0,78.0,97.0,74.0,160.2,11.8,8.75,4,4,3,5,3,3,3,3,3,3,2,3
786,37.5,29.5,3.107,11.534,3.655,2039.0,80.0,98.0,75.0,179.2,17.7,9.5,5,5,4,5,4,3,3,3,4,4,2,2
1343,31.5,25.0,3.396,12.005,3.491,1910.0,76.0,99.5,76.0,208.0,11.7,8.5,3,3,3,4,3,4,4,4,3,3,3,3
1121,32.5,23.0,3.367,11.8,3.421,1932.0,73.0,94.5,71.5,166.0,19.9,8.0,4,3,3,4,3,3,3,3,4,2,3,3
634,31.0,27.0,3.416,13.053,3.494,1855.0,83.0,106.5,80.0,171.0,8.5,9.0,3,4,3,3,4,5,4,3,2,4,5,3
331,26.0,23.5,3.475,13.148,3.591,1746.0,83.0,107.5,80.5,261.4,18.7,9.0,2,3,4,2,4,5,5,5,4,4,5,4
1360,30.0,25.5,3.346,11.35,3.367,1976.0,77.0,99.0,76.0,181.2,21.6,8.5,3,3,3,4,3,4,4,4,5,3,2,3
987,34.0,30.0,3.239,11.9,3.492,2007.0,80.5,98.5,76.0,214.2,22.4,8.75,4,5,3,4,4,3,4,5,5,3,3,3
792,,,3.396,10.886,3.98199999999999,1760.0,71.0,91.5,71.25,150.0,12.3,8.5,1,1,5,3,2,2,3,2,3,3,1,3
1215,30.5,23.5,,,,1990.0,,,,,,,3,3,1,4,1,1,1,1,1,1,1,1
1281,,,3.22,10.964,3.449,2003.0,76.0,97.0,73.25,179.7,18.6,8.25,1,1,3,4,3,3,3,3,4,3,2,3
1285,32.5,25.0,3.71,12.198,3.401,1874.0,75.5,95.5,73.5,152.6,11.3,9.5,4,3,3,3,3,3,3,3,3,4,3,4
1195,32.0,23.5,3.386,11.889,3.517,1910.0,76.25,96.5,71.5,183.4,13.1,8.5,4,3,4,4,3,3,3,4,3,3,3,3
249,34.5,25.5,3.328,13.954,4.126,1676.0,81.75,100.5,75.0,172.5,17.5,9.0,4,3,5,2,4,4,3,3,4,4,5,3
1189,28.5,23.0,3.409,12.69,3.565,1813.0,78.5,102.5,76.5,171.0,17.7,9.0,3,3,4,3,4,4,4,3,4,4,4,3
296,,,3.328,12.277,3.855,1687.0,,,,,,,1,1,5,2,1,1,1,1,1,1,4,3
369,31.0,25.5,3.521,12.032,3.435,1898.0,75.5,100.0,76.25,179.6,6.3,8.5,3,3,3,4,3,4,4,3,2,3,3,4
234,34.0,29.5,,,,2180.0,,,,,,,4,5,1,5,1,1,1,1,1,1,1,1
718,28.0,25.5,3.385,12.109,3.383,1899.0,81.5,106.5,79.5,202.0,22.1,9.75,2,3,3,4,4,5,4,4,5,5,3,3
990,32.5,25.5,3.413,12.492,3.75,1833.0,81.0,104.0,77.0,225.0,24.6,9.75,4,3,4,3,4,4,4,5,5,5,4,3
384,30.5,24.0,3.424,12.886,3.43,1853.0,82.5,103.5,77.25,185.8,9.1,9.0,3,3,3,3,4,4,4,4,3,4,4,3
1457,36.0,29.0,3.48,12.354,4.081,1801.0,81.0,101.5,75.5,172.2,16.6,9.25,5,5,5,3,4,4,4,3,4,4,4,4
1240,32.0,27.0,3.142,,3.187,2092.0,75.0,94.0,72.5,147.8,11.9,8.5,4,4,2,5,3,3,3,2,3,3,1,3
275,38.0,32.5,3.405,13.129,4.226,1779.0,82.0,101.0,77.0,205.5,26.0,9.0,5,5,5,3,4,4,4,4,5,4,5,3
1164,31.0,26.5,3.409,11.83,3.194,1976.0,72.5,95.0,73.0,170.0,6.2,8.0,3,4,2,4,2,3,3,3,2,2,3,3
986,35.5,30.5,3.171,12.077,3.207,2068.0,78.0,101.0,76.5,187.0,20.5,9.5,5,5,2,5,3,4,4,4,5,4,3,3
979,42.0,34.5,3.165,11.269,3.325,2159.0,76.5,96.0,72.5,155.6,14.3,9.0,5,5,3,5,3,3,3,3,3,4,2,3
746,31.5,25.5,3.388,11.5,3.336,1976.0,78.0,100.5,75.75,168.0,6.9,9.5,3,3,3,4,3,4,4,3,2,4,2,3
579,,23.0,3.702,13.133,3.813,1604.0,81.0,99.5,73.0,217.4,30.3,9.5,1,3,5,1,4,4,3,5,5,4,5,4
527,32.0,26.0,3.387,11.542,3.548,1945.0,74.0,94.0,73.0,189.0,17.4,8.75,4,4,4,4,3,3,3,4,4,3,2,3
1326,,25.0,3.424,13.9,3.589,1691.0,78.0,98.5,73.75,200.4,11.4,9.0,1,3,4,2,3,3,3,4,3,4,5,3
815,,28.5,3.213,11.681,3.568,1955.0,80.5,100.5,76.0,184.0,6.7,8.75,1,4,4,4,4,4,4,4,2,3,3,3
655,28.5,24.5,3.606,11.78,3.825,1794.0,79.25,102.5,79.25,216.7,13.3,8.0,3,3,5,3,4,4,4,5,3,2,3,4
1444,31.0,25.0,3.584,12.924,3.567,1799.0,79.0,102.0,77.0,186.0,16.9,10.0,3,3,4,3,4,4,4,4,4,5,5,4
1462,37.0,26.0,3.402,12.737,3.367,1934.0,98.25,95.0,72.75,165.1,7.2,9.25,5,4,3,4,5,3,3,3,2,4,4,3
705,,,3.308,11.859,3.988,1677.0,85.5,105.0,77.5,183.0,21.5,9.25,1,1,5,2,5,5,4,4,5,4,3,3
825,33.0,26.5,3.638,12.314,3.483,1874.0,76.0,95.5,73.75,181.7,10.5,8.25,4,4,3,3,3,3,3,4,3,3,4,4
320,31.0,24.5,3.787,12.262,3.763,1751.0,72.0,95.5,74.0,135.9,4.0,8.0,3,3,4,2,2,3,3,2,2,2,4,4
639,35.5,30.0,3.316,12.165,3.793,1919.0,85.0,107.0,81.0,207.6,17.4,9.75,5,5,5,4,5,5,5,4,4,5,3,3
1243,33.5,26.5,3.368,11.584,3.006,2049.0,76.5,99.0,75.0,176.2,14.1,8.5,4,4,2,5,3,4,3,3,3,3,3,3
1311,31.0,27.0,3.365,12.188,3.388,1935.0,75.0,98.0,73.5,160.0,15.2,9.0,3,4,3,4,3,3,3,3,4,4,3,3
525,,,3.406,11.4709999999999,3.609,1842.0,81.5,102.5,76.5,199.0,20.0,8.75,1,1,4,3,4,4,4,4,4,3,2,3
368,31.5,24.5,3.267,11.443,3.45,1973.0,70.5,90.5,70.5,148.5,15.9,9.0,3,3,3,4,2,2,3,2,4,4,2,3
1085,31.0,26.0,3.592,12.722,3.647,1806.0,81.0,102.5,77.5,154.5,4.0,8.0,3,4,4,3,4,4,4,3,2,2,4,4
782,33.0,24.5,3.386,12.51,3.287,1929.0,71.5,93.5,71.25,146.4,6.7,8.5,4,3,3,4,2,3,3,2,2,3,4,3
340,31.5,25.0,,11.33,3.361,1985.0,79.75,104.5,80.0,191.6,9.4,9.0,3,3,3,4,4,4,4,4,3,4,2,1
1458,31.0,25.0,3.382,11.8159999999999,3.488,1926.0,71.5,93.0,69.5,154.8,11.7,8.25,3,3,3,4,2,3,2,3,3,3,3,3
1114,25.0,20.0,3.425,12.068,4.018,1675.0,77.5,98.5,74.0,207.6,17.4,9.25,2,2,5,2,3,3,3,4,4,4,3,3
1021,,27.5,3.376,12.635,3.838,1760.0,77.5,99.0,76.0,180.2,6.8,8.7,1,4,5,3,3,4,4,3,2,3,4,3
1079,30.5,25.5,3.305,11.991,3.106,1989.0,71.0,90.5,67.5,147.0,14.0,8.75,3,3,2,4,2,2,2,2,3,3,3,3
1382,33.0,26.0,3.368,11.305,3.365,2003.0,81.0,101.0,74.0,178.0,19.9,9.25,4,4,3,4,4,4,3,3,4,4,2,3
1365,30.5,24.0,3.419,11.754,3.538,1900.0,80.0,99.0,74.5,160.3,10.7,8.5,3,3,4,4,4,4,3,3,3,3,3,3
222,35.0,26.5,3.508,12.459,3.314,1935.0,79.0,97.0,75.0,177.2,21.7,9.0,4,4,3,4,4,3,3,3,5,4,4,4
859,33.0,29.0,3.541,12.487,3.359,1918.0,81.5,105.0,80.0,213.0,18.0,9.25,4,5,3,4,4,5,4,5,4,4,4,4
262,,28.0,3.55,12.2259999999999,3.41,1870.0,82.0,101.5,77.0,179.6,16.5,9.5,1,4,3,3,4,4,4,3,4,4,3,4
700,36.5,28.0,3.386,11.931,3.43399999999999,1988.0,81.5,99.0,75.0,178.0,8.25,9.0,5,4,3,4,4,4,3,3,2,4,3,3
1491,36.0,27.5,3.365,12.459,3.452,1952.0,79.0,96.5,76.0,190.0,21.9,8.5,5,4,3,4,4,3,4,4,5,3,4,3
790,32.5,27.0,3.256,11.026,3.304,2056.0,74.5,93.5,72.0,159.7,13.5,8.25,4,4,3,5,3,3,3,3,3,3,2,3
1361,35.0,25.5,3.475,11.878,3.73,1886.0,76.0,97.0,75.5,157.6,11.6,8.25,4,3,4,3,3,3,4,3,3,3,3,4
854,30.0,25.5,3.756,11.878,3.153,1886.0,77.5,99.0,74.5,190.4,9.4,9.5,3,3,2,3,3,4,3,4,3,4,3,4
1437,29.0,,3.388,12.869,3.855,1701.0,78.5,97.0,72.0,172.4,10.1,9.0,3,1,5,2,4,3,3,3,3,4,4,3
246,,24.0,3.826,13.581,3.668,1585.0,82.75,105.0,81.0,214.0,15.2,9.0,1,3,4,1,4,5,5,5,4,4,5,5
238,31.0,25.5,3.608,12.771,3.468,1831.0,80.0,101.5,77.0,207.0,11.0,9.5,3,3,3,3,4,4,4,4,3,4,4,4
948,28.0,24.5,3.506,12.487,3.837,1748.0,77.0,98.5,74.5,191.0,22.4,9.25,2,3,5,2,3,3,3,4,5,4,4,4
330,32.0,25.5,3.318,12.403,3.503,1908.0,82.0,104.5,78.5,218.0,23.1,9.5,4,3,3,4,4,4,4,5,5,4,4,3
444,36.5,29.0,3.171,11.528,3.289,2083.0,82.5,103.0,77.25,215.0,12.7,9.0,5,5,3,5,4,4,4,5,3,4,2,3
849,35.5,27.0,,,,2152.0,,,,,,,5,4,1,5,1,1,1,1,1,1,1,1
1173,30.0,23.0,3.664,12.486,3.471,1809.0,75.0,95.5,73.5,146.2,6.9,8.5,3,3,3,3,3,3,3,2,2,3,4,4
1406,29.0,25.0,3.371,12.756,3.403,1865.0,75.0,97.0,73.5,191.0,22.8,9.0,3,3,3,3,3,3,3,4,5,4,4,3
820,34.5,,3.284,11.204,3.376,2030.0,74.5,92.0,70.0,149.0,14.2,8.25,4,1,3,5,3,2,3,2,3,3,2,3
572,31.5,27.5,3.409,11.321,3.59899999999999,1952.0,73.5,91.5,70.0,154.0,18.3,8.25,3,4,4,4,3,2,3,3,4,3,2,3
1440,32.0,25.5,3.321,12.722,3.068,1961.0,79.0,107.0,80.0,189.0,18.5,10.25,4,3,2,4,4,5,4,4,4,5,4,3
336,,,3.465,12.445,3.548,1748.0,80.0,103.0,82.0,199.1,24.2,8.5,1,1,4,2,4,4,5,4,5,3,4,3
768,31.5,26.5,3.348,12.782,3.5,1885.0,82.0,105.0,77.0,178.0,20.4,8.0,3,4,3,3,4,5,4,3,5,2,4,3
487,32.0,26.0,3.32,13.5659999999999,3.798,1772.0,71.0,90.0,68.0,148.0,17.2,8.0,4,4,5,3,2,2,2,2,4,2,5,3
310,34.5,25.0,3.218,11.42,3.458,2009.0,75.0,95.5,74.0,159.0,13.5,8.5,4,3,3,4,3,3,3,3,3,3,2,3
281,30.5,24.5,,11.67,3.518,1910.0,83.0,107.5,80.5,190.6,11.5,9.75,3,3,4,4,4,5,5,4,3,5,3,1
1128,28.0,24.0,3.516,14.3,3.485,1699.0,73.5,93.0,72.0,168.5,20.8,8.0,2,3,3,2,3,3,3,3,5,2,5,4
966,34.0,30.0,3.345,12.362,3.383,1980.0,78.0,100.0,77.0,182.5,19.8,8.75,4,5,3,4,3,4,4,4,4,3,4,3
1033,23.5,20.5,3.424,14.1109999999999,4.171,1507.0,76.5,98.0,74.75,188.6,9.4,8.5,1,2,5,1,3,3,3,4,3,3,5,3
737,29.5,25.5,,,,2010.0,,,,,,,3,3,1,4,1,1,1,1,1,1,1,1
1455,34.0,29.0,3.678,11.837,3.235,2095.0,149.0,77.5,77.5,198.5,7.6,9.25,4,5,3,5,5,1,4,4,2,4,3,4
1218,32.0,24.0,3.335,12.963,3.705,2007.0,72.0,7.5,70.0,154.6,4.9,8.0,4,3,4,4,2,1,3,3,2,2,5,3
309,28.5,22.0,3.972,13.996,3.555,1559.0,81.5,108.0,81.5,212.0,24.0,9.25,3,2,4,1,4,5,5,5,5,4,5,5
261,33.5,28.0,3.372,12.123,3.344,1973.0,77.0,100.0,76.0,188.0,18.8,8.0,4,4,3,4,3,4,4,4,4,2,3,3
1304,37.5,29.5,3.485,12.3929999999999,3.695,1905.0,76.0,96.0,73.0,163.9,14.9,8.25,5,5,4,4,3,3,3,3,3,3,4,4
1497,34.5,26.5,3.388,13.299,3.333,1901.0,80.5,100.5,74.25,195.0,13.5,9.25,4,4,3,4,4,4,3,4,3,4,5,3
1117,28.5,23.5,3.548,11.772,4.02,1738.0,80.0,102.0,79.5,198.2,18.5,9.0,3,3,5,2,4,4,4,4,4,4,3,4
1500,30.5,24.0,3.443,11.634,3.609,1888.0,77.5,97.5,76.0,154.7,12.0,8.0,3,3,4,3,3,3,4,3,3,2,3,3
669,31.0,25.5,3.473,11.683,3.29,1947.0,72.5,93.0,70.0,172.0,9.5,8.25,3,3,3,4,2,3,3,3,3,3,3,4
210,30.0,25.0,3.404,12.692,3.402,1876.0,77.75,96.0,71.0,170.0,17.3,9.25,3,3,3,3,3,3,3,3,4,4,4,3
341,31.5,27.0,3.588,12.51,3.438,1872.0,81.25,105.0,79.5,202.6,8.2,9.0,3,4,3,3,4,5,4,4,2,4,4,4
441,35.5,32.0,3.319,12.155,3.48,1997.0,83.0,104.5,77.0,161.5,9.8,9.25,5,5,3,4,4,4,4,3,3,4,3,3
397,32.0,27.5,3.372,12.636,,1946.0,78.25,97.0,72.5,166.5,20.2,8.5,4,4,1,4,4,3,3,3,4,3,4,3
472,33.5,28.0,3.458,11.761,3.393,1974.0,82.5,103.0,77.0,215.4,21.4,9.25,4,4,3,4,4,4,4,5,5,4,3,3
302,38.5,32.0,3.065,10.794,3.346,2179.0,75.0,93.5,72.0,161.6,11.7,8.5,5,5,3,5,3,3,3,3,3,3,1,2
928,29.0,23.0,3.282,13.081,3.497,1831.0,77.0,102.0,77.5,175.0,15.0,8.75,3,3,3,3,3,4,4,3,4,3,5,3
270,33.0,24.5,3.325,11.244,3.203,2029.0,74.0,92.0,70.5,164.4,17.1,8.25,4,3,2,5,3,2,3,3,4,3,2,3
497,30.5,25.0,3.415,11.716,3.099,1981.0,72.5,92.0,70.0,122.0,6.4,8.5,3,3,2,4,2,2,3,1,2,3,3,3
437,25.0,21.0,3.757,14.775,3.448,1571.0,77.5,96.0,73.5,143.8,19.3,8.0,2,2,3,1,3,3,3,2,4,2,5,4
356,36.0,31.5,3.358,12.034,3.212,2043.0,75.75,94.0,73.5,169.4,7.9,8.5,5,5,2,5,3,3,3,3,2,3,3,3
659,27.5,22.5,,,,1892.0,,,,,,,2,2,1,4,1,1,1,1,1,1,1,1
208,33.0,28.0,3.361,11.702,3.083,2038.0,76.0,97.5,74.5,182.0,7.9,8.5,4,4,2,5,3,3,3,4,2,3,3,3
436,31.0,24.5,6.313,12.2229999999999,3.528,1537.0,83.5,106.5,79.0,205.0,22.1,9.5,3,3,4,1,5,5,4,4,5,4,3,5
1139,30.5,24.5,3.369,12.861,3.442,1862.0,82.5,104.5,77.0,180.8,13.9,9.25,3,3,3,3,4,4,4,4,3,4,4,3
1453,26.0,22.5,3.764,12.635,3.71199999999999,1684.0,81.0,102.0,78.0,214.0,29.3,9.25,2,2,4,2,4,4,4,5,5,4,4,4
666,30.0,23.5,3.653,12.048,3.716,1789.0,76.5,98.0,74.0,168.6,13.7,8.5,3,3,4,3,3,3,3,3,3,3,3,4
511,35.5,25.5,3.401,12.0,3.598,1922.0,71.0,88.5,67.0,150.0,20.7,7.5,5,3,4,4,2,2,2,2,5,1,3,3
419,29.5,27.0,3.797,,3.573,1820.0,81.0,101.0,76.5,208.2,24.4,8.5,3,4,4,3,4,4,4,4,5,3,1,4
993,36.0,29.0,3.083,12.276,3.437,2034.0,79.0,99.5,76.0,183.0,7.0,9.5,5,5,3,5,4,4,4,4,2,4,4,2
1470,32.0,25.0,3.669,12.299,3.486,1848.0,75.0,95.5,74.75,184.3,8.6,9.0,4,3,3,3,3,3,3,4,2,4,4,4
813,23.5,18.0,4.06,13.835,3.484,1511.0,78.0,97.0,73.5,242.4,21.7,8.25,1,1,3,1,3,3,3,5,5,3,5,5
1213,32.0,24.5,3.556,12.536,3.192,1901.0,79.0,101.0,76.5,179.5,7.2,9.0,4,3,2,4,4,4,4,3,2,4,4,4
1061,29.0,,3.338,11.363,3.804,1839.0,76.5,95.5,71.5,155.6,16.0,8.5,3,1,5,3,3,3,3,3,4,3,2,3
721,32.0,25.0,3.388,12.338,3.558,1888.0,81.0,102.5,74.25,170.6,7.5,9.0,4,3,4,3,4,4,3,3,2,4,4,3
1083,33.5,30.0,3.519,12.142,3.909,1840.0,85.0,104.5,78.0,202.7,15.7,9.25,4,5,5,3,5,4,4,4,4,4,3,4
1520,35.0,27.5,3.401,11.992,3.243,1998.0,74.0,94.5,71.5,168.0,14.6,9.0,4,4,3,4,3,3,3,3,3,4,3,3
392,34.5,30.5,3.424,11.813,3.337,2007.0,83.0,104.5,79.5,200.0,18.3,10.0,4,5,3,4,4,4,4,4,4,5,3,3
1050,,24.5,3.586,11.593,3.583,1831.0,79.0,100.5,78.25,172.2,11.6,8.25,1,3,4,3,4,4,4,3,3,3,3,4
217,29.5,23.0,3.672,12.684,3.939,1684.0,79.5,103.5,80.5,230.2,13.3,9.0,3,3,5,2,4,4,5,5,3,4,4,4
343,25.5,22.5,4.096,12.864,3.842,1553.0,84.5,111.0,83.0,200.7,12.1,11.0,2,2,5,1,5,5,5,4,3,5,4,5
1078,32.5,28.0,3.546,,3.441,1956.0,80.5,101.5,76.5,184.2,17.6,9.25,4,4,3,4,4,4,4,4,4,4,1,4
500,22.0,16.0,4.062,12.105,3.412,1591.0,78.0,101.0,77.5,178.7,19.1,8.25,1,1,3,1,3,4,4,3,4,3,3,5
728,31.5,23.5,3.483,12.0,3.699,1842.0,80.0,100.5,77.5,172.6,15.6,8.75,3,3,4,3,4,4,4,3,4,3,3,4
258,28.0,26.0,3.869,,3.669,1847.0,82.25,105.5,80.0,193.9,8.7,8.75,2,4,4,3,4,5,4,4,2,3,1,5
1040,31.5,27.5,3.461,12.181,3.798,1842.0,83.0,104.5,78.5,215.1,18.2,9.5,3,4,5,3,4,4,4,5,4,4,3,3
1475,19.0,18.0,3.425,,3.846,1592.0,85.0,107.0,80.75,223.2,14.6,10.25,1,1,5,1,5,5,5,5,3,5,1,3
1211,33.5,28.5,3.376,11.339,3.546,1991.0,80.5,100.5,75.0,166.6,7.0,8.25,4,4,4,4,4,4,3,3,2,3,2,3
1056,29.0,24.5,3.691,11.388,3.889,1808.0,80.0,100.5,77.5,200.9,22.4,8.75,3,3,5,3,4,4,4,4,5,3,2,4
1472,29.5,21.0,3.806,13.072,3.848,1626.0,80.0,99.5,73.5,145.0,13.0,7.5,3,2,5,2,4,4,3,2,3,1,5,4
1430,31.5,26.0,3.353,13.311,3.714,1803.0,84.75,108.0,79.75,198.5,20.3,9.75,3,4,4,3,5,5,4,4,5,5,5,3
1438,31.0,21.5,3.512,12.276,3.514,1828.0,73.25,91.0,68.0,152.5,14.9,8.25,3,2,4,3,3,2,2,3,3,3,4,4
1054,34.5,27.5,3.562,12.694,3.714,1837.0,78.25,100.0,75.5,183.4,14.8,9.0,4,4,4,3,4,4,4,4,3,4,4,4
440,32.0,26.0,3.28,11.244,3.295,2026.0,77.0,97.5,74.5,193.2,20.3,8.25,4,4,3,4,3,3,3,4,5,3,2,3
1100,35.0,30.0,3.291,12.162,3.38,2006.0,78.0,99.0,76.0,179.0,10.4,9.0,4,5,3,4,3,4,4,3,3,4,3,3
794,30.5,25.5,3.574,12.145,3.464,1872.0,83.0,102.5,77.0,167.7,17.6,9.25,3,3,3,3,4,4,4,3,4,4,3,4
969,,,3.287,12.311,3.627,1788.0,71.0,92.0,72.5,148.8,11.2,8.5,1,1,4,3,2,2,3,2,3,3,4,3
1284,29.5,24.5,3.504,11.216,3.368,1942.0,74.0,92.0,72.0,138.9,9.1,8.25,3,3,3,4,3,2,3,2,3,3,2,4
927,37.5,32.0,3.22,11.28,3.50399999999999,2070.0,81.0,101.5,78.0,206.0,18.4,8.25,5,5,3,5,4,4,4,4,4,3,2,3
1179,,,,,3.505,1735.0,73.0,94.0,72.0,171.0,17.7,8.75,1,1,3,2,3,3,3,3,4,3,1,1
823,,17.0,3.461,11.785,3.485,1758.0,79.0,99.5,75.5,191.0,16.0,8.25,1,1,3,3,4,4,4,4,4,3,3,3
1310,26.0,22.0,3.548,11.931,3.474,1808.0,71.0,93.5,70.0,179.0,18.9,8.25,2,2,3,3,2,3,3,3,4,3,3,4
896,34.5,26.5,3.639,12.119,3.49,1897.0,78.75,103.0,78.5,170.8,4.0,9.0,4,4,3,4,4,4,4,3,2,4,3,4
442,30.5,23.5,3.712,,3.32,1957.0,80.25,102.0,77.75,194.0,10.4,8.5,3,3,3,4,4,4,4,4,3,3,1,4
665,,23.5,3.388,12.0759999999999,3.389,1879.0,74.5,96.5,73.5,158.2,6.5,8.0,1,3,3,3,3,3,3,3,2,2,3,3
1426,30.5,24.0,3.488,12.383,3.126,1914.0,81.0,103.0,78.5,205.0,23.3,9.0,3,3,2,4,4,4,4,4,5,4,4,4
598,,26.0,3.352,11.387,3.506,1938.0,80.0,99.5,76.5,185.0,20.3,9.5,1,4,4,4,4,4,4,4,5,4,2,3
1238,33.5,27.0,3.613,13.168,3.421,1840.0,79.5,101.0,76.25,214.0,13.4,10.0,4,4,3,3,4,4,4,5,3,5,5,4
863,32.0,30.0,3.44,12.235,3.561,1922.0,84.5,102.5,77.0,232.5,27.8,9.5,4,5,4,4,5,4,4,5,5,4,3,3
284,30.5,24.5,3.424,11.084,3.61,1932.0,76.75,97.5,74.5,162.0,11.7,9.5,3,3,4,4,3,3,3,3,3,4,2,3
809,29.0,26.0,3.202,11.02,3.442,2062.0,75.5,95.5,73.5,174.6,7.4,9.5,3,4,3,5,3,3,3,3,2,4,2,3
1244,33.5,27.0,3.158,11.708,3.182,2059.0,75.5,97.0,74.0,178.0,14.9,9.75,4,4,2,5,3,3,3,3,3,5,3,3
482,30.5,25.0,,,,2020.0,,,,,,,3,3,1,4,1,1,1,1,1,1,1,1
1090,31.0,24.0,3.376,12.247,3.77399999999999,1829.0,73.75,94.5,72.75,171.2,7.8,8.25,3,3,4,3,3,3,3,3,2,3,3,3
767,34.0,27.0,3.717,13.018,3.777,1762.0,77.0,97.5,73.5,154.8,6.0,8.5,4,4,4,3,3,3,3,3,2,3,5,4
1007,33.5,29.5,3.897,11.714,3.065,1949.0,80.0,99.0,76.5,173.1,4.0,10.0,4,5,2,4,4,4,4,3,2,5,3,5
909,30.0,23.5,3.386,12.424,3.475,1871.0,80.5,103.0,78.75,211.0,11.1,9.0,3,3,3,3,4,4,4,5,3,4,4,3
1111,34.5,26.5,3.193,11.918,3.446,2000.0,73.0,92.5,72.0,158.0,10.3,8.0,4,4,3,4,3,2,3,3,3,2,3,3
535,39.0,33.0,3.314,12.156,3.286,2055.0,72.0,94.0,71.5,148.0,14.1,8.25,5,5,3,5,2,3,3,2,3,3,3,3
1202,33.5,29.5,3.372,12.272,3.4,1967.0,78.5,101.0,76.5,172.0,14.0,9.0,4,5,3,4,4,4,4,3,3,4,4,3
1468,33.5,29.5,3.424,12.288,3.47,1949.0,79.5,99.5,75.5,182.2,9.5,9.0,4,5,3,4,4,4,4,4,3,4,4,3
692,33.0,28.0,3.347,12.082,3.08,2020.0,77.0,97.5,74.0,205.0,19.5,9.25,4,4,2,4,3,3,3,4,4,4,3,3
473,31.0,28.0,3.395,12.369,3.391,1931.0,82.0,102.0,77.0,219.1,24.6,9.5,3,4,3,4,4,4,4,5,5,4,4,3
399,33.5,30.5,3.273,11.866,4.326,1836.0,82.5,102.5,77.0,162.7,12.2,8.25,4,5,5,3,4,4,4,3,3,3,3,3
1367,27.5,23.0,3.643,12.894,3.62,1737.0,82.0,101.0,77.5,217.0,20.1,10.0,2,3,4,2,4,4,4,5,4,5,4,4
418,30.0,22.5,3.541,12.217,3.703,1792.0,77.0,101.5,74.0,157.75,6.5,8.0,3,2,4,3,3,4,3,3,2,2,3,4
478,26.0,21.0,3.826,13.099,4.244,1510.0,80.0,99.0,76.5,213.7,27.4,8.25,2,2,5,1,4,4,4,5,5,3,5,5
263,34.5,27.5,3.189,10.9279999999999,3.266,2103.0,76.5,97.5,75.5,179.5,16.0,8.25,4,4,3,5,3,3,4,3,4,3,2,3
627,31.0,25.0,3.732,12.707,3.755,1743.0,84.75,107.0,80.0,243.0,23.6,9.75,3,3,4,2,5,5,4,5,5,5,4,4
553,36.5,30.0,3.311,11.552,3.169,2079.0,82.0,105.0,80.0,195.0,9.2,10.0,5,5,2,5,4,5,4,4,3,5,2,3
915,35.0,27.5,3.428,11.52,3.71199999999999,1937.0,27.0,95.5,71.25,170.4,7.25,8.0,4,4,4,4,1,3,3,3,2,2,2,3
1023,30.0,23.0,3.668,12.937,3.603,1756.0,83.0,106.0,79.0,204.0,11.3,10.0,3,3,4,3,4,5,4,4,3,5,5,4
925,33.5,27.0,3.565,12.0059999999999,3.354,1936.0,75.25,98.0,75.0,173.2,7.1,9.5,4,4,3,4,3,3,3,3,2,4,3,4
479,,,3.376,11.8009999999999,3.597,1823.0,,,,,,,1,1,4,3,1,1,1,1,1,1,3,3
902,32.0,27.5,3.553,12.289,3.488,1892.0,82.25,105.0,77.0,185.4,19.5,9.0,4,4,3,4,4,5,4,4,4,4,4,4
352,29.5,26.5,3.444,11.93,3.012,1981.0,83.5,104.5,79.5,200.0,19.9,10.25,3,4,2,4,5,4,4,4,4,5,3,3
1295,34.5,28.0,3.249,11.41,3.346,2048.0,72.5,93.5,72.5,162.8,15.8,8.25,4,4,3,5,2,3,3,3,4,3,2,3
931,32.0,27.0,3.424,12.39,3.412,1921.0,73.0,92.0,69.75,148.8,11.9,8.0,4,4,3,4,3,2,2,2,3,2,4,3
891,35.5,22.5,3.401,12.562,3.852,1770.0,79.75,100.0,77.0,188.5,19.2,8.25,5,2,5,3,4,4,4,4,4,3,4,3
316,,21.0,3.703,12.889,3.96199999999999,1542.0,76.0,91.0,67.5,161.7,20.6,8.75,1,2,5,1,3,2,2,3,5,3,4,4
846,29.5,24.5,3.304,11.834,3.509,1918.0,76.5,98.0,75.0,177.5,7.4,9.0,3,3,4,4,3,3,3,3,2,4,3,3
454,,25.0,3.613,12.37,3.739,1728.0,77.5,98.5,74.0,159.4,7.1,9.0,1,3,4,2,3,3,3,3,2,4,4,4
407,,,3.219,11.735,3.605,1870.0,74.5,94.0,72.0,175.5,18.8,8.5,1,1,4,3,3,3,3,3,4,3,3,3
1230,29.0,25.0,3.596,12.3009999999999,4.031,1710.0,80.0,100.5,77.25,174.8,21.8,8.25,3,3,5,2,4,4,4,3,5,3,4,4
557,31.0,25.0,3.388,12.455,3.461,1891.0,77.25,98.5,75.25,168.4,7.3,8.75,3,3,3,4,3,3,4,3,2,3,4,3
613,,,3.464,11.71,3.4,1865.0,78.0,95.5,72.0,168.0,18.8,8.25,1,1,3,3,3,3,3,3,4,3,3,3
711,29.5,24.5,3.47,11.998,3.423,1893.0,77.0,100.5,75.75,215.0,13.0,9.5,3,3,3,4,3,4,4,5,3,4,3,4
840,31.5,24.5,3.537,12.225,3.269,1902.0,73.5,94.5,73.0,175.0,18.3,8.25,3,3,3,4,3,3,3,3,4,3,3,4
1005,29.0,24.5,3.557,14.107,3.888,1627.0,80.5,104.0,79.0,186.8,21.5,9.0,3,3,5,2,4,4,4,4,5,4,5,4
1064,31.0,23.0,3.538,12.119,3.356,1883.0,76.5,97.5,74.5,194.5,21.2,9.0,3,3,3,3,3,3,3,4,5,4,3,4
1248,33.5,27.5,3.41,12.113,3.561,1928.0,80.0,99.5,74.5,203.8,25.5,8.5,4,4,4,4,4,4,3,4,5,3,3,3
773,29.0,25.0,3.344,12.149,3.076,1962.0,76.0,96.5,72.0,166.0,15.7,9.5,3,3,2,4,3,3,3,3,4,4,3,3
788,29.0,23.5,3.445,12.447,3.348,1866.0,76.0,100.5,77.0,174.0,8.1,8.5,3,3,3,3,3,4,4,3,2,3,4,3
1004,36.0,26.5,3.327,11.0659999999999,3.411,2042.0,76.0,95.0,73.0,173.8,17.8,8.75,5,4,3,5,3,3,3,3,4,3,2,3
1364,28.5,26.0,3.532,12.588,4.099,1693.0,83.5,105.0,79.5,190.9,6.4,9.0,3,4,5,2,5,5,4,4,2,4,4,4
584,31.5,25.5,3.565,12.752,3.417,1855.0,83.0,102.5,76.5,169.3,19.6,9.25,3,3,3,3,4,4,4,3,4,4,4,4
1345,37.0,30.5,3.333,11.4829999999999,3.585,2014.0,77.0,95.0,73.0,156.9,7.6,8.25,5,5,4,4,3,3,3,3,2,3,2,3
690,29.0,23.0,3.466,11.442,3.123,1955.0,77.5,100.5,77.0,195.0,15.1,9.5,3,3,2,4,3,4,4,4,4,4,2,3
463,35.0,29.5,3.407,11.357,3.445,2022.0,81.0,101.5,78.5,223.2,24.9,8.75,4,5,3,4,4,4,4,5,5,3,2,3
403,37.5,31.5,3.346,10.359,3.473,2127.0,79.0,96.5,71.5,173.2,19.8,8.75,5,5,3,5,4,3,3,3,4,3,1,3
616,31.5,24.5,3.388,11.446,3.54699999999999,1934.0,77.25,97.0,72.25,149.0,7.8,8.5,3,3,4,4,3,3,3,2,2,3,2,3
308,30.0,24.0,3.554,12.549,3.045,1907.0,82.75,102.0,78.0,203.0,9.1,9.0,3,3,2,4,4,4,4,4,3,4,4,4
712,31.0,23.0,3.386,12.648,3.425,1870.0,78.0,99.0,75.5,156.0,6.2,9.25,3,3,3,3,3,4,4,3,2,4,4,3
1349,32.5,27.0,3.291,11.95,3.268,1996.0,79.0,102.5,77.5,186.0,18.0,9.5,4,4,3,4,4,4,4,4,4,4,3,3
647,33.0,29.5,3.207,11.515,3.43399999999999,2033.0,80.0,99.5,75.0,173.2,17.7,8.5,4,5,3,5,4,4,3,3,4,3,2,3
772,28.0,22.0,3.538,13.24,3.381,1766.0,81.5,105.5,79.0,203.0,23.2,9.5,2,2,3,3,4,5,4,4,5,4,5,4
907,33.0,26.0,3.39,11.726,2.914,2044.0,77.5,97.5,72.0,176.6,10.5,9.25,4,4,1,5,3,3,3,3,3,4,3,3
1340,28.5,24.0,3.592,11.847,3.46199999999999,1858.0,80.0,102.5,78.5,215.3,25.4,8.75,3,3,3,3,4,4,4,5,5,3,3,4
1059,24.5,22.5,,,,1838.0,,,,,,,1,2,1,3,1,1,1,1,1,1,1,1
1022,32.5,25.5,3.584,13.142,3.516,1811.0,81.5,104.5,79.0,226.2,12.5,8.75,4,3,4,3,4,4,4,5,3,3,5,4
918,28.0,22.5,3.991,12.828,3.67,1647.0,83.0,105.5,80.75,182.5,6.3,9.5,2,2,4,2,4,5,5,4,2,4,4,5
523,28.5,22.5,3.439,12.851,3.472,1808.0,71.5,91.5,69.5,162.0,15.1,8.75,3,2,3,3,2,2,2,3,4,3,4,3
536,23.5,18.0,4.062,14.478,3.99,1343.0,83.0,106.0,79.5,272.9,23.3,8.0,1,1,5,1,4,5,4,5,5,2,5,5
528,25.5,21.0,3.744,13.447,4.098,1543.0,76.0,99.0,74.0,176.4,11.9,8.5,2,2,5,1,3,4,3,3,3,3,5,4
1142,32.5,27.5,3.389,11.7329999999999,3.59,1942.0,80.0,99.5,76.0,185.3,20.9,9.0,4,4,4,4,4,4,4,4,5,4,3,3
1107,33.0,26.0,3.411,11.679,4.105,1805.0,77.5,96.0,73.5,176.0,16.2,9.0,4,4,5,3,3,3,3,3,4,4,3,3
1105,29.5,26.5,3.489,13.598,3.723,1742.0,84.0,106.5,81.0,211.5,27.5,9.0,3,4,4,2,5,5,5,5,5,4,5,4
1279,31.5,26.5,3.355,12.898,3.456,1883.0,79.0,102.5,78.5,227.0,24.7,9.5,3,4,3,3,4,4,4,5,5,4,4,3
1161,32.0,33.0,3.424,11.758,3.614,1957.0,70.0,92.5,71.25,152.8,10.8,8.25,4,5,4,4,2,2,3,3,3,3,3,3
254,31.0,24.0,3.406,11.615,3.357,1946.0,77.5,97.0,74.0,165.2,9.4,9.5,3,3,3,4,3,3,3,3,3,4,3,3
239,36.5,31.5,3.161,12.522,3.222,2049.0,78.0,97.5,72.0,176.0,18.4,10.0,5,5,2,5,3,3,3,3,4,5,4,3
1029,34.0,26.0,3.323,11.367,3.273,2027.0,72.0,94.0,70.5,142.0,11.6,9.0,4,4,3,5,2,3,3,2,3,4,2,3
259,35.5,26.0,3.425,12.003,3.502,1945.0,75.0,96.5,73.0,170.2,8.9,9.25,5,4,3,4,3,3,3,3,3,4,3,3
1036,38.0,29.0,3.2,11.114,3.397,2093.0,78.0,96.0,74.0,172.6,13.6,8.75,5,5,3,5,3,3,3,3,3,3,2,3
1435,35.5,30.5,3.321,12.924,3.649,1908.0,78.0,98.5,74.0,172.0,14.7,8.0,5,5,4,4,3,3,3,3,3,2,5,3
1506,36.0,29.0,3.481,12.513,3.941,1978.0,73.0,92.0,71.5,168.2,11.7,9.0,5,5,5,4,3,2,3,3,3,4,4,4
269,,21.0,3.795,12.34,4.667,1456.0,72.0,93.5,69.5,138.0,8.9,8.75,1,2,5,1,2,3,2,2,3,3,4,4
1388,,,3.579,11.876,3.371,1817.0,77.0,102.0,77.5,165.6,12.1,8.75,1,1,3,3,3,4,4,3,3,3,3,4
1373,33.5,26.0,3.3,12.728,3.463,1915.0,73.0,91.0,68.5,167.0,12.6,9.0,4,4,3,4,3,2,2,3,3,4,4,3
972,29.0,22.0,3.382,12.859,3.855,1732.0,73.0,94.5,70.0,185.6,13.1,9.0,3,2,5,2,3,3,3,4,3,4,4,3
729,32.5,26.5,3.462,12.126,3.181,1961.0,82.0,101.0,74.0,203.4,23.4,9.75,4,4,2,4,4,4,3,4,5,5,3,3
1481,29.0,22.0,3.712,12.464,3.296,1797.0,81.5,106.0,79.0,214.0,15.3,10.25,3,2,3,3,4,5,4,5,4,5,4,4
492,35.5,24.0,3.449,12.079,3.214,1968.0,73.5,92.0,69.0,139.2,6.3,8.0,5,3,2,4,3,2,2,2,2,2,3,3
1115,31.0,25.5,3.424,13.722,3.453,1806.0,86.0,105.0,79.75,200.0,14.3,10.0,3,3,3,3,5,5,4,4,3,5,5,3
218,36.5,30.0,3.288,12.914,3.428,1963.0,74.5,94.5,72.5,162.2,12.4,9.0,5,5,3,4,3,3,3,3,3,4,4,3
1498,31.5,25.5,3.492,12.408,3.325,1899.0,84.5,108.5,80.5,197.0,22.7,10.5,3,3,3,4,5,5,5,4,5,5,4,4
641,30.0,23.0,3.388,12.609,3.371,1873.0,81.75,105.0,78.5,204.8,10.8,9.0,3,3,3,3,4,5,4,4,3,4,4,3
1122,31.5,29.5,3.355,12.285,3.446,1945.0,81.5,108.5,81.5,195.0,18.8,10.0,3,5,3,4,4,5,5,4,4,5,4,3
838,34.5,28.0,3.671,12.105,3.624,1928.0,78.25,98.0,75.0,175.2,5.5,9.5,4,4,4,4,4,3,3,3,2,4,3,4
978,29.0,24.5,3.334,12.051,3.27,1933.0,75.0,95.0,71.0,164.0,16.8,,3,3,3,4,3,3,3,3,4,1,3,3
1286,33.5,27.0,2.95,10.719,3.30899999999999,2162.0,76.0,96.5,72.5,158.7,16.2,8.25,4,4,3,5,3,3,3,3,4,3,1,2
378,32.5,25.5,3.368,12.645,3.49399999999999,1894.0,80.5,101.5,76.0,200.5,17.8,8.25,4,3,3,4,4,4,4,4,4,3,4,3
300,36.0,30.5,3.296,12.316,3.644,1953.0,77.0,97.5,73.0,164.0,13.9,9.25,5,5,4,4,3,3,3,3,3,4,4,3
870,,,3.338,12.2209999999999,3.636,1778.0,85.5,106.5,82.0,232.1,27.1,9.5,1,1,4,3,5,5,5,5,5,4,3,3
1223,34.0,25.0,3.388,11.3129999999999,3.463,1983.0,77.0,100.5,76.5,185.6,8.7,9.0,4,3,3,4,3,4,4,4,2,4,2,3
1120,28.5,25.0,,,,1980.0,,,,,,,3,3,1,4,1,1,1,1,1,1,1,1
1346,30.5,26.0,3.2125,12.807,6.75899999999999,2095.0,70.0,90.0,69.5,151.2,13.9,8.5,3,4,5,5,2,2,2,2,3,3,4,3
1503,32.0,24.5,3.307,11.691,3.219,1992.0,79.0,101.5,75.0,167.0,16.2,9.0,4,3,2,4,4,4,3,3,4,4,3,3
667,39.5,27.0,,11.981,3.314,2032.0,78.0,98.5,74.0,163.8,8.4,8.5,5,4,3,5,3,3,3,3,2,3,3,1
663,35.0,28.0,3.339,12.372,3.542,1944.0,80.0,101.5,75.25,174.0,8.7,8.0,4,4,4,4,4,4,4,3,2,2,4,3
938,32.0,25.0,3.401,12.366,4.105,1702.0,83.5,104.5,78.25,202.0,26.7,9.0,4,3,5,2,5,4,4,4,5,4,4,3
704,33.5,26.5,3.265,11.671,3.506,1981.0,77.0,95.0,72.5,170.2,18.5,8.0,4,4,4,4,3,3,3,3,4,2,3,3
467,29.5,24.0,3.424,,3.404,1925.0,80.0,100.5,76.0,177.8,7.8,9.0,3,3,3,4,4,4,4,3,2,4,1,3
325,28.5,24.5,3.398,12.876,3.445,1838.0,77.5,99.0,74.5,161.0,11.3,9.25,3,3,3,3,3,4,3,3,3,4,4,3
1118,31.5,24.5,3.504,11.746,4.051,1773.0,79.0,100.0,77.0,180.4,15.6,9.5,3,3,5,3,4,4,4,3,4,4,3,4
592,26.0,25.0,3.327,12.475,3.512,1848.0,88.0,110.0,82.5,225.8,25.6,9.75,2,3,4,3,5,5,5,5,5,5,4,3
412,34.0,29.0,3.386,12.882,3.49899999999999,1937.0,79.0,101.5,75.5,184.6,8.7,8.5,4,5,3,4,4,4,4,4,2,3,4,3
652,26.0,21.0,3.871,13.032,3.392,1658.0,87.5,109.5,81.0,244.0,29.9,10.5,2,2,3,2,5,5,5,5,5,5,5,5
1451,32.0,26.5,3.199,11.383,3.415,2014.0,77.5,97.0,74.0,172.3,16.1,8.0,4,4,3,4,3,3,3,3,4,2,2,3
424,31.0,26.5,3.581,13.191,3.495,1809.0,74.0,95.0,73.0,197.4,11.9,8.25,3,4,3,3,3,3,3,4,3,3,5,4
626,33.5,26.0,3.572,12.622,3.405,1882.0,72.25,93.0,71.0,164.5,8.2,9.0,4,4,3,3,2,3,3,3,2,4,4,4
1052,31.0,27.0,3.443,12.377,3.516,1886.0,78.5,103.0,78.5,171.0,8.7,9.25,3,4,4,3,4,4,4,3,2,4,4,3
1020,30.0,26.5,4.091,12.965,3.742,1648.0,83.25,105.5,78.5,219.0,14.8,9.75,3,4,4,2,4,5,4,5,3,5,5,5
1494,31.5,28.0,3.433,11.499,3.222,2001.0,82.0,104.5,79.0,193.0,11.0,9.5,3,4,2,4,4,4,4,4,3,4,2,3
240,26.5,22.0,3.637,11.055,2.961,1935.0,78.0,98.0,74.5,190.0,13.7,9.75,2,2,2,4,3,3,3,4,3,5,2,4
272,32.5,27.0,3.148,12.674,3.23,1990.0,82.0,101.5,75.5,174.0,18.9,9.0,4,4,3,4,4,4,4,3,4,4,4,3
688,,29.0,3.352,13.165,3.597,1812.0,78.0,100.0,75.0,191.0,20.0,8.75,1,5,4,3,3,4,3,4,4,3,5,3
741,32.5,26.0,3.382,11.661,3.426,1965.0,76.0,97.0,72.75,173.8,7.8,8.75,4,4,3,4,3,3,3,3,2,3,3,3
360,31.5,23.5,,,,2010.0,,,,,,,3,3,1,4,1,1,1,1,1,1,1,1
247,26.0,23.0,3.424,13.2809999999999,3.606,1746.0,81.5,106.0,81.25,235.0,15.3,9.0,2,3,4,2,4,5,5,5,4,4,5,3
611,34.5,27.5,3.192,11.948,3.119,2060.0,80.5,103.5,79.0,162.0,13.1,9.0,4,4,2,5,4,4,4,3,3,4,3,3
1099,26.5,21.5,3.459,13.472,3.23,1768.0,78.5,100.5,75.5,216.0,13.3,9.25,2,2,3,3,4,4,4,5,3,4,5,3
971,34.0,30.0,3.375,12.922,3.322,1948.0,83.0,104.0,77.0,237.0,29.4,9.75,4,5,3,4,4,4,4,5,5,5,5,3
873,33.0,27.0,3.283,12.41,3.368,1959.0,78.0,96.5,78.5,162.0,17.8,8.0,4,4,3,4,3,3,4,3,4,2,4,3
650,31.0,25.5,,,,2040.0,,,,,,,3,3,1,5,1,1,1,1,1,1,1,1
995,33.0,23.5,3.554,12.809,3.441,1845.0,83.5,102.0,76.0,195.6,10.9,9.5,4,3,3,3,5,4,4,4,3,4,4,4
363,35.0,38.0,3.447,11.613,3.425,2048.0,77.5,97.5,73.75,163.0,16.4,8.5,4,5,3,5,3,3,3,3,4,3,3,3
1320,,,3.575,12.197,3.708,1677.0,81.5,102.5,77.0,167.0,17.3,9.25,1,1,4,2,4,4,4,3,4,4,3,4
538,32.5,26.5,3.468,13.308,3.213,1883.0,79.0,100.0,75.0,181.0,8.5,8.25,4,4,2,3,4,4,3,4,2,3,5,4
245,29.0,24.5,3.461,12.5159999999999,3.799,1778.0,84.5,108.0,82.5,194.6,19.7,9.25,3,3,5,3,5,5,5,4,4,4,4,3
1042,33.5,27.5,3.376,12.069,3.457,1957.0,74.0,97.0,73.25,168.4,6.6,8.0,4,4,3,4,3,3,3,3,2,2,3,3
783,31.5,,3.376,12.574,3.541,1841.0,75.5,97.5,75.25,146.2,6.0,8.5,3,1,4,3,3,3,4,2,2,3,4,3
1428,27.0,21.5,3.326,13.281,3.552,1758.0,77.25,99.0,76.0,156.8,6.6,9.25,2,2,4,3,3,4,4,3,2,4,5,3
953,32.5,23.0,3.425,12.52,3.84899999999999,1789.0,67.5,84.0,64.5,150.6,9.6,8.0,4,3,5,3,1,1,1,2,3,2,4,3
949,32.5,25.0,3.489,12.266,3.164,1939.0,76.0,96.5,73.0,186.0,17.8,9.0,4,3,2,4,3,3,3,4,4,4,4,4
587,30.5,25.0,3.523,12.073,3.162,1928.0,81.0,106.5,79.0,172.0,16.1,9.5,3,3,2,4,4,5,4,3,4,4,3,4
606,35.0,29.5,3.335,11.522,2.957,2102.0,79.5,99.5,74.5,163.4,7.6,9.25,4,5,2,5,4,4,3,3,2,4,2,3
642,34.5,26.5,3.366,11.747,3.41899999999999,1984.0,78.5,99.0,74.5,162.9,6.3,8.25,4,4,3,4,4,4,3,3,2,3,3,3
976,35.0,28.5,,,,2178.0,,,,,,,4,4,1,5,1,1,1,1,1,1,1,1
354,31.5,26.0,3.5,12.06,3.341,1924.0,82.0,100.5,76.5,173.2,12.3,9.25,3,4,3,4,4,4,4,3,3,4,3,4
547,29.5,23.5,3.496,12.704,3.419,1832.0,82.0,104.0,77.0,216.0,9.0,9.5,3,3,3,3,4,4,4,5,3,4,4,4
608,31.0,23.5,3.358,11.96,3.251,1944.0,73.0,94.5,72.0,160.0,6.2,8.75,3,3,3,4,3,3,3,3,2,3,3,3
984,37.5,27.5,3.386,,3.76899999999999,1939.0,82.5,102.0,76.25,183.8,8.2,9.5,5,4,4,4,4,4,4,4,2,4,1,3
1487,31.0,25.0,3.351,11.64,3.384,1958.0,83.0,105.0,79.0,188.4,19.2,9.75,3,3,3,4,4,5,4,4,4,5,3,3
1471,30.0,24.5,3.376,12.8009999999999,3.601,1834.0,72.5,95.0,73.5,177.6,10.5,8.5,3,3,4,3,2,3,3,3,3,3,4,3
1308,36.5,31.5,3.369,,3.393,2068.0,81.5,103.0,79.5,194.7,20.0,8.25,5,5,3,5,4,4,4,4,4,3,1,3
775,32.0,23.0,3.363,12.182,3.773,1835.0,79.5,101.0,76.0,182.3,19.8,8.0,4,3,4,3,4,4,4,4,4,2,3,3
1030,37.5,33.0,3.344,11.449,3.26,2085.0,75.75,97.5,74.5,165.3,6.8,7.5,5,5,3,5,3,3,3,3,2,1,2,3
1031,37.0,32.5,3.389,11.817,3.553,2000.0,77.0,95.0,72.5,157.5,12.6,9.0,5,5,4,4,3,3,3,3,3,4,3,3
1272,31.5,25.5,3.428,12.279,3.91,1794.0,83.5,105.5,76.5,213.0,24.3,10.0,3,3,5,3,5,5,4,5,5,5,4,3
597,27.5,23.0,3.966,13.358,3.779,1593.0,80.5,105.5,81.5,205.9,10.9,9.0,2,3,4,1,4,5,5,4,3,4,5,5
1378,42.0,36.5,3.553,12.701,3.528,1974.0,72.5,79.0,71.5,178.9,12.4,7.0,5,5,4,4,2,1,3,3,3,1,4,4
379,35.5,29.0,3.269,10.777,2.963,2165.0,74.0,94.0,71.5,166.0,10.2,9.5,5,5,2,5,3,3,3,3,3,4,1,3
470,39.0,30.5,3.247,11.537,3.394,2135.0,75.5,97.5,75.5,172.0,7.0,8.5,5,5,3,5,3,3,4,3,2,3,2,3
981,29.0,27.5,3.469,12.152,3.506,1929.0,84.0,105.0,83.0,196.0,10.3,8.75,3,4,4,4,5,5,5,4,3,3,3,4
645,32.5,26.0,3.333,12.116,3.65,1903.0,73.5,92.5,71.5,179.0,21.5,9.0,4,4,4,4,3,2,3,3,5,4,3,3
233,32.0,25.0,3.357,11.677,3.009,2022.0,77.5,97.0,75.5,186.6,6.6,8.0,4,3,2,4,3,3,4,4,2,2,3,3
914,30.5,27.5,3.43,12.919,3.353,1890.0,80.5,103.0,79.0,168.1,4.0,8.5,3,4,3,3,4,4,4,3,2,3,5,3
1377,30.0,24.0,3.491,12.219,3.498,1857.0,72.5,92.5,70.0,134.6,6.2,8.25,3,3,3,3,2,2,3,2,2,3,3,4
573,35.5,30.5,3.223,12.666,3.67,1938.0,80.0,100.5,77.5,190.5,14.9,9.0,5,5,4,4,4,4,4,4,3,4,4,3
958,33.5,24.5,3.55,11.855,3.536,1896.0,84.0,106.0,79.0,196.5,21.9,9.75,4,3,4,4,5,5,4,4,5,5,3,4
1063,40.5,31.0,3.162,11.898,3.47,2070.0,76.0,94.0,71.5,171.1,16.5,8.5,5,5,3,5,3,3,3,3,4,3,3,3
1271,28.0,24.0,3.625,12.235,3.304,1846.0,75.5,98.5,75.0,150.0,12.5,9.5,2,3,3,3,3,3,3,2,3,4,3,4
495,,,3.324,11.885,3.22899999999999,1938.0,,,,,,,1,1,3,4,1,1,1,1,1,1,3,3
306,37.0,29.5,,12.069,3.526,2073.0,80.5,101.0,75.5,185.9,8.0,9.5,5,5,4,5,4,4,4,4,2,4,3,1
673,31.5,25.0,3.576,12.997,3.42,1827.0,73.5,92.5,70.5,134.0,8.6,9.0,3,3,3,3,3,2,3,2,2,4,5,4
808,28.0,21.5,3.647,12.364,3.285,1805.0,77.0,100.0,75.0,196.0,14.3,9.0,2,2,3,3,3,4,3,4,3,4,4,4
1263,32.0,24.5,3.485,12.258,3.699,1839.0,78.0,100.0,77.5,185.1,17.3,8.75,4,3,4,3,3,4,4,4,4,3,4,4
314,34.0,27.0,3.249,12.109,3.034,2046.0,72.5,95.5,73.5,168.4,6.9,9.0,4,4,2,5,2,3,3,3,2,4,3,3
1066,30.0,22.0,3.488,13.335,3.555,1754.0,68.0,87.5,67.0,129.0,7.3,8.0,3,2,4,2,2,2,2,2,2,2,5,4
839,29.5,25.5,3.256,11.767,3.521,1935.0,74.5,95.5,73.5,157.0,7.0,8.0,3,3,4,4,3,3,3,3,2,2,3,3
253,24.5,20.5,3.601,12.675,4.141,1578.0,80.0,103.0,79.0,200.3,26.3,8.5,1,2,5,1,4,4,4,4,5,3,4,4
1049,35.0,28.0,3.261,11.585,3.25,2053.0,75.0,96.0,74.0,158.0,12.3,9.25,4,4,3,5,3,3,3,3,3,4,3,3
294,32.5,26.5,3.562,12.689,3.558,1848.0,77.0,96.5,71.5,172.6,15.7,8.5,4,4,4,3,3,3,3,3,4,3,4,4
376,31.0,24.5,3.447,11.0279999999999,3.37,1979.0,79.0,100.5,78.0,198.2,19.9,9.75,3,3,3,4,4,4,4,4,4,5,2,3
327,38.0,27.5,3.278,12.157,3.537,1978.0,80.5,99.5,77.5,245.8,29.2,9.5,5,4,4,4,4,4,4,5,5,4,3,3
358,34.0,27.5,3.355,11.366,3.478,2002.0,81.5,101.5,77.5,196.0,8.5,9.5,4,4,3,4,4,4,4,4,2,4,2,3
372,33.5,28.0,3.547,12.367,3.507,1895.0,74.5,96.0,73.0,162.0,21.1,8.75,4,4,4,4,3,3,3,3,5,3,4,4
1421,29.5,23.5,3.459,12.397,3.779,1782.0,76.5,100.0,75.5,214.0,25.2,9.75,3,3,4,3,3,4,4,5,5,5,4,3
1513,31.5,25.0,3.223,11.68,3.291,1997.0,77.0,99.0,75.5,190.5,18.7,8.5,3,3,3,4,3,4,4,4,4,3,3,3
684,28.5,21.0,3.359,12.813,3.355,1829.0,82.0,107.0,82.0,217.2,23.1,8.75,3,2,3,3,4,5,5,5,5,3,4,3
518,31.5,26.5,3.262,11.234,3.555,1984.0,77.0,96.5,74.0,166.8,15.9,8.75,3,4,4,4,3,3,3,3,4,3,2,3
921,30.5,27.0,3.295,11.684,3.531,1950.0,76.0,96.0,70.5,153.4,15.3,9.0,3,4,4,4,3,3,3,3,4,4,3,3
1212,27.5,22.5,3.421,12.782,3.852,1723.0,70.5,92.5,72.0,166.0,17.3,8.0,2,2,5,2,2,2,3,3,4,2,4,3
747,28.5,27.5,3.444,12.211,3.226,1929.0,75.5,98.5,74.0,175.0,8.5,9.25,3,4,2,4,3,3,3,3,2,4,3,3
322,34.0,28.5,3.576,11.13,3.514,1977.0,81.0,102.0,78.25,189.6,18.8,8.75,4,4,4,4,4,4,4,4,4,3,2,4
1393,31.5,24.0,3.554,12.294,6.094,1558.0,81.5,105.0,78.5,205.0,26.0,9.5,3,3,5,1,4,5,4,4,5,4,4,4
293,39.5,32.5,3.171,11.778,3.023,2148.0,76.5,96.5,73.5,166.0,6.6,9.25,5,5,2,5,3,3,3,3,2,4,3,3
1192,26.5,19.0,3.596,12.501,3.565,1725.0,78.25,103.0,78.0,214.8,12.4,8.5,2,1,4,2,4,4,4,5,3,3,4,4
1287,33.5,30.5,3.33,12.993,4.129,1775.0,82.0,101.0,75.0,208.3,23.8,8.25,4,5,5,3,4,4,3,4,5,3,5,3
1309,38.5,31.0,3.041,12.04,3.365,2095.0,,,,,,,5,5,3,5,1,1,1,1,1,1,3,2
912,31.0,23.5,3.545,12.658,3.746,1775.0,80.5,100.0,76.0,185.0,17.8,8.75,3,3,4,3,4,4,4,4,4,3,4,4
996,,28.5,3.411,11.657,3.719,1871.0,71.0,89.5,69.0,171.0,17.3,9.0,1,4,4,3,2,2,2,3,4,4,3,3
941,32.0,27.5,3.461,11.779,3.375,1959.0,78.0,96.5,72.5,193.8,21.0,8.5,4,4,3,4,3,3,3,4,5,3,3,3
674,27.0,22.5,3.773,13.129,3.955,1599.0,86.5,107.5,80.0,213.0,12.0,10.0,2,2,5,1,5,5,4,5,3,5,5,4
1096,31.0,25.0,3.406,12.547,3.41,1886.0,75.0,97.0,73.5,151.0,13.9,8.5,3,3,3,3,3,3,3,2,3,3,4,3
1312,34.0,24.0,3.601,12.841,3.427,1847.0,81.0,102.5,78.5,179.0,6.6,8.0,4,3,3,3,4,4,4,3,2,2,4,4
350,36.5,28.0,3.512,12.694,3.007,1984.0,76.5,96.0,72.5,186.0,8.5,9.0,5,4,2,4,3,3,3,4,2,4,4,4
450,34.0,27.0,3.412,12.002,3.495,1948.0,77.75,96.0,73.0,168.0,6.9,9.0,4,4,3,4,3,3,3,3,2,4,3,3
338,33.0,29.0,3.267,11.397,3.792,1949.0,75.0,94.5,72.5,177.5,14.8,8.75,4,5,5,4,3,3,3,3,3,3,2,3
1266,34.0,23.0,3.376,11.565,3.286,1983.0,77.25,100.0,75.5,169.4,7.0,8.5,4,3,3,4,3,4,4,3,2,3,2,3
766,33.5,31.5,3.286,11.967,3.531,1987.0,76.0,96.5,73.0,159.0,16.5,8.75,4,5,4,4,3,3,3,3,4,3,3,3
395,35.0,26.0,3.354,12.658,3.401,1930.0,84.0,104.5,79.5,186.2,6.1,9.5,4,4,3,4,5,4,4,4,2,4,4,3
1313,35.5,29.0,3.319,12.099,3.398,1997.0,78.0,99.0,75.0,153.0,15.0,8.5,5,5,3,4,3,4,3,3,4,3,3,3
1432,32.5,31.0,3.023,12.171,3.739,1980.0,77.25,95.0,72.75,158.75,6.9,9.0,4,5,4,4,3,3,3,3,2,4,3,2
347,39.5,31.5,2.966,12.214,3.328,2121.0,71.5,92.0,70.0,160.9,13.0,8.5,5,5,3,5,2,2,3,3,3,3,3,2
967,29.5,20.5,3.617,12.427,3.698,1738.0,76.0,96.0,72.0,155.5,10.1,10.25,3,2,4,2,3,3,3,3,3,5,4,4
977,28.5,23.5,3.456,12.482,3.515,1834.0,85.0,104.5,77.5,209.3,23.8,9.5,3,3,4,3,5,4,4,4,5,4,4,3
291,30.0,21.5,3.826,12.306,3.767,1695.0,75.0,93.0,72.0,169.0,16.7,9.5,3,2,4,2,3,3,3,3,4,4,4,5
628,28.5,26.0,3.355,11.7,3.443,1931.0,77.0,99.0,76.0,188.7,18.0,8.25,3,4,3,4,3,4,4,4,4,3,3,3
1467,31.0,27.5,3.4,12.449,3.349,1922.0,84.5,105.0,79.0,217.0,27.9,10.5,3,4,3,4,5,5,4,5,5,5,4,3
483,41.5,32.0,3.513,12.117,3.756,1936.0,71.5,90.0,67.75,148.4,9.3,8.0,5,5,4,4,2,2,2,2,3,2,3,4
1415,30.5,23.5,3.458,12.053,3.61,1857.0,77.0,97.25,74.0,186.0,16.2,8.5,3,3,4,3,3,3,3,4,4,3,3,3
468,28.0,21.0,3.573,12.6,3.714,1725.0,72.5,92.0,70.0,148.0,14.4,8.0,2,2,4,2,2,2,3,2,3,2,4,4
583,31.5,22.5,,,,1980.0,,,,,,,3,2,1,4,1,1,1,1,1,1,1,1
457,37.0,26.5,3.342,12.578,3.501,1936.0,80.5,101.5,78.0,160.1,11.9,9.5,5,4,3,4,4,4,4,3,3,4,4,3
1178,31.0,25.0,3.396,11.4709999999999,3.444,1950.0,77.5,96.5,72.0,147.7,16.9,8.0,3,3,3,4,3,3,3,2,4,2,2,3
430,,28.0,3.299,11.706,3.244,2017.0,78.0,98.0,74.0,161.5,18.6,9.0,1,4,3,4,3,3,3,3,4,4,3,3
353,28.0,21.0,3.615,12.468,3.396,1788.0,74.5,96.5,74.0,175.0,16.7,8.0,2,2,3,3,3,3,3,3,4,2,4,4
644,29.5,22.0,3.469,12.728,3.427,1816.0,78.0,101.5,74.5,183.0,25.1,8.5,3,2,3,3,3,4,3,4,5,3,4,4
1041,36.5,31.0,3.411,11.793,3.436,2010.0,85.0,106.5,79.0,184.9,6.8,10.0,5,5,3,4,5,5,4,4,2,5,3,3
1095,32.0,25.5,3.635,11.604,3.475,1902.0,81.5,100.5,77.5,231.3,28.7,9.5,4,3,3,4,4,4,4,5,5,4,3,4
1289,32.0,27.0,3.31,11.392,3.64399999999999,1956.0,,,,,,,4,4,4,4,1,1,1,1,1,1,2,3
382,21.0,18.0,3.512,12.909,3.922,1570.0,79.75,103.0,77.0,200.2,13.2,8.75,1,1,5,1,4,4,4,4,3,3,4,4
335,27.5,21.5,3.715,13.355,3.413,1697.0,81.0,103.5,76.5,217.0,14.7,9.0,2,2,3,2,4,4,4,5,3,4,5,4
434,32.5,26.0,3.174,12.016,3.117,2033.0,80.0,102.5,78.0,187.0,19.2,9.75,4,4,2,5,4,4,4,4,4,5,3,3
577,35.5,28.5,3.258,11.545,3.395,2038.0,79.0,99.5,75.5,177.0,16.7,8.75,5,4,3,5,4,4,4,3,4,3,2,3
561,37.5,29.0,3.359,11.844,3.5,1999.0,75.0,94.0,70.5,160.8,14.9,9.0,5,5,3,4,3,3,3,3,3,4,3,3
1333,29.0,24.5,3.688,12.648,3.631,1808.0,81.0,102.0,78.75,182.4,5.7,7.5,3,3,4,3,4,4,4,4,2,1,4,4
396,30.5,23.0,3.574,12.971,3.461,1799.0,76.5,99.0,75.0,179.0,9.3,9.0,3,3,3,3,3,4,3,3,3,4,5,4
1112,34.0,28.0,4.332,12.309,3.509,1741.0,74.0,95.0,73.0,184.9,12.5,8.5,4,4,4,2,3,3,3,4,3,3,4,5
636,32.5,26.5,3.467,12.302,3.418,1916.0,76.0,96.0,75.0,177.5,16.3,9.25,4,4,3,4,3,3,3,3,4,4,4,3
1206,33.5,30.0,3.37,12.261,3.952,1852.0,83.5,102.5,78.0,189.2,19.6,9.25,4,5,5,3,5,4,4,4,4,4,4,3
1299,22.0,19.5,3.792,13.3,3.655,1593.0,80.0,101.5,75.5,256.8,30.7,8.75,1,1,4,1,4,4,4,5,5,3,5,4
439,29.0,22.5,3.795,12.208,3.18,1814.0,77.5,101.0,76.5,168.0,6.7,9.5,3,2,2,3,3,4,4,3,2,4,3,4
355,34.5,26.5,3.406,10.699,2.996,2114.0,77.0,99.5,75.0,163.0,6.2,9.5,4,4,2,5,3,4,3,3,2,4,1,3
1160,31.5,25.0,3.61,12.733,3.377,1843.0,79.5,103.0,77.0,244.8,16.1,9.0,3,3,3,3,4,4,4,5,4,4,4,4
897,33.5,24.5,3.267,11.847,3.431,1968.0,78.5,96.5,72.75,157.5,11.7,8.0,4,3,3,4,4,3,3,3,3,2,3,3
654,29.5,22.5,3.464,11.627,2.977,1965.0,74.0,97.0,75.0,162.0,8.3,9.0,3,2,2,4,3,3,3,3,2,4,3,3
725,35.0,33.5,3.275,12.2779999999999,3.736,1950.0,75.0,95.0,71.0,160.4,14.9,9.25,4,5,4,4,3,3,3,3,3,4,4,3
512,30.5,23.0,3.419,12.477,3.204,1902.0,75.5,99.0,76.0,158.0,9.6,8.75,3,3,2,4,3,4,4,3,3,3,4,3
1358,31.5,24.5,3.541,13.591,3.864,1691.0,80.5,102.0,76.0,202.0,20.6,10.0,3,3,5,2,4,4,4,4,5,5,5,4
1366,36.5,26.5,3.106,11.8,3.052,2099.0,81.5,103.0,76.5,207.0,8.8,9.0,5,4,2,5,4,4,4,4,3,4,3,2
798,28.5,,3.638,12.395,3.635,1738.0,76.0,93.5,71.0,215.8,30.1,8.5,3,1,4,2,3,3,3,5,5,3,4,4
549,33.0,27.5,3.698,12.337,3.434,1877.0,78.25,100.0,77.0,198.0,7.8,9.0,4,4,3,3,4,4,4,4,2,4,4,4
1081,26.5,23.0,3.811,13.226,3.713,1649.0,83.0,103.25,78.0,230.0,27.0,9.75,2,3,4,2,4,4,4,5,5,5,5,5
802,30.0,26.5,3.352,12.701,3.802,1812.0,78.0,96.5,72.5,170.0,11.4,8.0,3,4,5,3,3,3,3,3,3,2,4,3
481,32.0,25.5,3.384,13.687,3.286,1848.0,76.5,95.0,72.5,165.0,16.3,8.75,4,3,3,3,3,3,3,3,4,3,5,3
229,30.5,25.5,3.456,12.747,3.603,1833.0,80.25,100.5,76.75,168.0,16.0,9.5,3,3,4,3,4,4,4,3,4,4,4,3
312,26.5,20.0,3.698,12.099,3.594,1734.0,77.5,99.0,75.0,175.3,8.3,8.5,2,2,4,2,3,4,3,3,2,3,3,4
935,31.5,28.0,4.03,11.561,3.335,1851.0,73.0,91.5,68.0,146.3,14.0,8.5,3,4,3,3,3,2,2,2,3,3,2,5
1124,29.5,23.5,3.871,12.642,3.435,1759.0,79.75,105.0,80.0,202.6,12.3,8.5,3,3,3,3,4,5,4,4,3,3,4,5
1101,31.0,28.0,3.309,11.085,3.531,1999.0,78.0,98.5,75.0,180.3,19.8,8.0,3,4,4,4,3,3,3,3,4,2,2,3
774,35.5,28.0,3.275,12.536,3.529,1948.0,76.0,96.0,72.0,137.0,11.8,9.0,5,4,4,4,3,3,3,2,3,4,4,3
1131,34.5,25.5,3.431,11.872,3.763,1883.0,73.5,94.0,70.5,138.8,6.0,8.25,4,3,4,3,3,3,3,2,2,3,3,3
1231,,25.5,3.5,12.085,3.45,1859.0,77.0,99.0,75.0,188.1,19.3,8.25,1,3,3,3,3,4,3,4,4,3,3,4
1201,36.0,29.0,3.3,11.958,3.159,2050.0,75.5,99.5,77.0,203.2,20.3,8.5,5,5,2,5,3,4,4,4,5,3,3,3
1119,32.0,28.0,3.545,12.334,3.573,1878.0,74.75,94.5,71.75,174.8,14.4,8.25,4,4,4,3,3,3,3,3,3,3,4,4
216,33.5,24.0,3.233,12.813,3.473,1906.0,79.0,100.5,77.5,190.2,19.9,10.0,4,3,3,4,4,4,4,4,4,5,4,3
540,30.5,26.5,,,,2050.0,,,,,,,3,4,1,5,1,1,1,1,1,1,1,1
427,40.0,25.5,3.367,11.4709999999999,3.585,1993.0,76.5,95.0,72.0,147.5,13.3,8.25,5,3,4,4,3,3,3,2,3,3,2,3
1060,26.5,20.5,3.567,12.917,3.733,1678.0,82.5,107.5,82.5,193.0,6.5,9.5,2,2,4,2,4,5,5,4,2,4,5,4
585,32.0,23.5,3.589,13.894,4.008,1624.0,78.75,98.0,73.0,161.0,20.0,9.0,4,3,5,2,4,3,3,3,4,4,5,4
1318,29.5,36.5,3.588,11.751,3.493,1949.0,73.75,94.0,70.5,134.6,6.0,9.0,3,5,3,4,3,3,3,2,2,4,3,4
365,21.5,20.5,3.974,13.54,3.571,1547.0,87.5,109.0,82.5,179.2,24.4,9.5,1,2,4,1,5,5,5,3,5,4,5,5
213,38.5,30.5,3.295,12.259,3.377,2022.0,81.0,98.0,76.25,204.0,11.6,10.5,5,5,3,4,4,3,4,4,3,5,4,3
1489,31.5,27.5,3.439,14.101,3.871,1694.0,78.5,101.0,75.5,230.0,26.9,9.25,3,4,5,2,4,4,4,5,5,4,5,3
856,32.0,26.0,3.329,12.024,3.413,1947.0,76.5,97.0,72.0,180.0,20.0,9.0,4,4,3,4,3,3,3,3,4,4,3,3
1070,34.5,29.0,3.177,12.13,3.323,2030.0,74.5,96.5,71.0,155.0,13.2,9.0,4,5,3,5,3,3,3,3,3,4,3,3
831,28.0,21.0,3.431,12.832,3.741,1732.0,74.5,95.5,71.75,138.6,6.7,8.5,2,2,4,2,3,3,3,2,2,3,4,3
530,36.0,29.0,3.407,11.5759999999999,3.5,2000.0,81.0,100.5,75.5,191.9,24.3,9.75,5,5,3,4,4,4,4,4,5,5,2,3
225,37.0,31.0,3.276,12.474,3.51,1983.0,74.0,94.0,71.5,207.2,16.7,8.5,5,5,4,4,3,3,3,4,4,3,4,3
545,36.5,30.5,3.35,11.907,3.516,1993.0,79.5,100.0,74.0,165.0,8.25,9.25,5,5,4,4,4,4,3,3,2,4,3,3
1423,32.0,24.5,3.54,12.684,3.528,1840.0,74.0,93.0,73.0,146.1,4.0,8.75,4,3,4,3,3,3,3,2,2,3,4,4
884,32.0,23.5,3.595,13.235,3.515,1783.0,76.0,99.0,76.0,187.2,12.6,10.0,4,3,4,3,3,4,4,4,3,5,5,4
593,32.5,27.5,3.393,11.754,3.158,2009.0,79.5,101.0,75.0,190.0,18.7,9.25,4,4,2,4,4,4,3,4,4,4,3,3
1306,28.5,25.5,3.47,13.329,3.85,1718.0,80.0,98.0,74.0,180.3,21.3,8.25,3,3,5,2,4,3,3,3,5,3,5,4
1334,26.5,20.5,3.516,12.591,3.305,1791.0,71.5,92.0,69.5,153.0,15.5,9.0,2,2,3,3,2,2,2,3,4,4,4,4
600,27.0,21.5,3.484,12.074,3.468,1813.0,73.0,93.5,71.5,189.0,21.9,9.25,2,2,3,3,3,3,3,4,5,4,3,4
230,42.0,36.5,3.15,12.132,3.103,2154.0,73.0,93.5,71.5,163.0,12.3,8.75,5,5,2,5,3,3,3,3,3,3,3,3
932,34.0,27.0,3.682,12.247,3.468,1876.0,79.0,100.5,75.5,174.0,6.7,9.5,4,4,3,3,4,4,4,3,2,4,3,4
1379,29.5,24.0,3.62,11.751,3.616,1836.0,75.0,98.5,74.75,181.0,16.1,8.5,3,3,4,3,3,3,3,4,4,3,3,4
1509,33.5,27.5,3.43,12.587,4.067,1774.0,80.0,99.0,74.0,207.0,15.5,9.0,4,4,5,3,4,4,3,4,4,4,4,3
621,32.0,25.5,3.313,12.157,3.651,1896.0,79.0,98.0,74.0,171.1,14.5,8.25,4,3,4,4,4,3,3,3,3,3,3,3
332,32.5,26.0,3.33,12.519,3.224,1953.0,76.0,99.0,75.5,188.0,8.2,9.0,4,4,2,4,3,4,4,4,2,4,4,3
1352,31.0,27.0,3.531,12.772,3.658,1815.0,76.0,94.5,71.5,178.8,6.1,8.25,3,4,4,3,3,3,3,3,2,3,4,4
1396,31.5,24.0,3.366,12.139,3.213,1947.0,72.5,95.5,71.5,166.0,21.4,9.25,3,3,2,4,2,3,3,3,5,4,3,3
362,34.0,29.0,3.425,12.11,3.07899999999999,2024.0,77.5,99.0,76.5,175.0,12.3,9.5,4,5,2,4,3,4,4,3,3,4,3,3
1104,28.5,23.0,3.424,13.106,3.631,1819.0,87.5,105.0,77.5,251.4,30.6,9.5,3,3,4,3,5,5,4,5,5,4,5,3
761,31.5,24.5,3.333,11.724,3.202,1987.0,72.75,94.5,73.0,162.0,8.3,8.0,3,3,2,4,2,3,3,3,2,2,3,3
908,33.0,28.5,3.272,11.89,3.668,1946.0,81.0,100.5,77.5,195.5,18.9,9.0,4,4,4,4,4,4,4,4,4,4,3,3
485,28.0,22.0,3.562,12.532,3.504,1789.0,73.0,92.0,71.0,153.2,12.1,9.0,2,2,3,3,3,2,3,3,3,4,4,4
1344,28.5,26.5,3.258,11.625,3.535,1941.0,81.0,101.0,76.0,201.4,23.2,9.25,3,4,4,4,4,4,4,4,5,4,3,3
1166,39.0,28.5,3.34,13.603,3.746,1844.0,77.5,99.0,74.5,172.4,19.5,9.0,5,4,4,3,3,4,3,3,4,4,5,3
504,32.5,24.0,3.268,12.953,3.247,1921.0,82.0,103.5,77.0,206.0,15.9,10.5,4,3,3,4,4,4,4,4,4,5,5,3
201,30.5,22.5,3.399,11.13,3.338,1963.0,73.5,94.5,72.5,156.1,17.2,8.25,3,2,3,4,3,3,3,3,4,3,2,3
1477,35.5,24.5,3.161,13.183,3.67,1875.0,78.5,99.5,75.0,189.5,18.1,9.5,5,3,4,3,4,4,3,4,4,4,5,3
695,32.0,23.5,3.505,12.367,3.627,1837.0,79.5,102.0,77.5,202.5,24.2,9.25,4,3,4,3,4,4,4,4,5,4,4,4
924,33.0,30.0,3.427,13.522,3.141,1924.0,81.0,103.5,79.5,170.9,17.7,8.25,4,5,2,4,4,4,4,3,4,3,5,3
415,33.5,26.5,3.46,12.183,3.513,1910.0,79.5,99.5,74.5,204.0,25.0,8.5,4,4,4,4,4,4,3,4,5,3,3,3
236,32.0,26.0,3.382,12.4279999999999,3.811,1915.0,70.5,87.0,64.5,126.4,12.8,7.75,4,4,5,4,2,2,1,2,3,2,4,3
1009,30.5,22.5,3.714,12.818,3.395,1787.0,80.5,105.5,81.5,230.1,16.7,9.5,3,2,3,3,4,5,5,5,4,4,4,4
1062,29.5,23.5,3.747,11.894,3.724,1841.0,76.5,98.0,75.5,164.6,4.0,9.0,3,3,4,3,3,3,4,3,2,4,3,4
289,32.0,26.0,3.51,12.455,3.686,1837.0,77.0,97.5,72.5,193.2,23.2,9.0,4,4,4,3,3,3,3,4,5,4,4,4
1197,31.0,24.0,3.278,11.6759999999999,,1991.0,74.25,95.5,73.0,161.0,14.2,9.25,3,3,1,4,3,3,3,3,3,4,3,3
1208,26.0,23.5,3.28,11.415,3.014,1988.0,73.0,96.0,71.5,146.0,10.1,9.75,2,3,2,4,3,3,3,2,3,5,2,3
257,27.0,22.5,3.388,13.343,3.778,1708.0,79.5,104.5,79.25,218.0,14.1,8.5,2,2,4,2,4,4,4,5,3,3,5,3
1191,37.0,31.5,2.996,12.397,3.734,2003.0,71.5,88.5,69.0,159.4,15.7,7.5,5,5,4,4,2,2,2,3,4,1,4,2
913,29.5,23.5,3.349,11.949,3.019,1974.0,74.0,95.5,72.0,149.0,15.5,9.0,3,3,2,4,3,3,3,2,4,4,3,3
743,39.0,28.0,3.558,11.142,3.142,2068.0,77.5,99.5,74.75,154.7,4.0,9.0,5,4,2,5,3,4,3,3,2,4,2,4
755,30.5,23.5,3.403,11.839,3.607,1880.0,75.5,95.0,71.75,157.6,13.3,8.5,3,3,4,3,3,3,3,3,3,3,3,3
543,36.5,28.0,3.034,11.03,3.34,2135.0,78.5,97.5,73.5,155.6,10.3,8.25,5,4,3,5,4,3,3,3,3,3,2,2
835,34.0,26.5,3.274,12.292,3.261,1989.0,76.0,96.0,71.5,175.0,22.1,10.0,4,4,3,4,3,3,3,3,5,5,4,3
390,40.0,34.5,3.082,13.8509999999999,3.138,2038.0,74.0,93.0,71.5,158.1,12.8,8.25,5,5,2,5,3,3,3,3,3,3,5,2
1026,30.5,27.0,3.732,11.499,3.53,1877.0,79.0,100.0,76.5,160.0,13.5,9.0,3,4,4,3,4,4,4,3,3,4,2,4
438,31.5,24.5,3.513,12.759,3.789,1776.0,74.5,96.5,73.5,176.8,7.7,8.5,3,3,5,3,3,3,3,3,2,3,4,4
1298,31.5,26.5,3.378,11.935,3.401,1950.0,80.0,100.0,75.0,188.5,22.3,8.5,3,4,3,4,4,4,3,4,5,3,3,3
555,34.5,27.0,3.626,12.327,3.489,1935.0,81.0,100.5,76.0,196.0,21.1,9.25,4,4,3,4,4,4,4,4,5,4,4,4
1077,35.0,29.5,3.403,12.3909999999999,3.431,1964.0,79.0,96.5,74.0,166.8,17.5,8.5,4,5,3,4,4,3,3,3,4,3,4,3
1450,35.5,28.0,3.217,12.293,3.51,1979.0,75.0,95.5,71.0,183.0,21.9,9.25,5,4,4,4,3,3,3,4,5,4,4,3
546,32.5,26.5,3.386,11.5629999999999,3.407,1977.0,74.5,94.5,73.5,174.2,7.0,8.5,4,4,3,4,3,3,3,3,2,3,2,3
1146,33.5,28.5,,,,2150.0,,,,,,,4,4,1,5,1,1,1,1,1,1,1,1
780,32.0,25.0,3.419,11.878,3.346,1947.0,76.0,94.0,71.5,141.6,13.6,9.0,4,3,3,4,3,3,3,2,3,4,3,3
629,30.0,23.5,3.728,12.8809999999999,3.356,1795.0,76.5,101.0,77.75,155.4,6.9,8.0,3,3,3,3,3,4,4,3,2,2,4,4
1058,33.5,28.5,3.179,12.982,3.833,1862.0,74.0,91.0,69.0,161.0,15.4,8.0,4,4,5,3,3,2,2,3,4,2,5,3
1385,33.5,27.5,3.382,12.342,3.67199999999999,1897.0,80.0,101.0,74.5,190.4,11.1,8.75,4,4,4,4,4,4,3,4,3,3,4,3
1080,26.0,20.5,3.839,13.48,4.005,1515.0,79.75,103.5,78.0,211.0,23.1,8.0,2,2,5,1,4,4,4,5,5,2,5,5
754,33.5,30.5,3.624,13.289,3.696,1805.0,88.5,111.0,82.0,252.0,29.6,10.75,4,5,4,3,5,5,5,5,5,5,5,4
455,31.5,23.5,3.679,12.617,3.804,1741.0,79.0,103.0,78.0,190.3,5.5,9.5,3,3,5,2,4,4,4,4,2,4,4,4
867,33.0,28.5,3.235,12.708,4.178,1786.0,75.0,95.0,72.5,191.0,13.6,9.25,4,4,5,3,3,3,3,4,3,4,4,3
1013,34.5,29.0,3.217,11.7209999999999,3.282,2052.0,79.5,99.5,76.0,206.7,21.5,8.75,4,5,3,5,4,4,4,4,5,3,3,3
1302,27.5,21.0,3.499,12.6759999999999,3.51,1773.0,80.0,102.0,77.0,216.0,24.2,9.5,2,2,4,3,4,4,4,5,5,4,4,4
334,30.5,24.0,3.424,12.669,4.394,1684.0,83.75,106.0,78.25,217.8,13.2,8.5,3,3,5,2,5,5,4,5,3,3,4,3
885,35.5,23.0,3.382,10.7209999999999,3.381,2035.0,76.75,98.5,74.0,159.8,6.3,8.25,5,3,3,5,3,3,3,3,2,3,1,3
449,30.0,24.5,3.462,12.865,3.566,1815.0,76.0,97.0,75.0,165.0,15.6,9.0,3,3,4,3,3,3,3,3,4,4,4,3
408,27.0,22.5,3.529,13.904,4.045,1565.0,81.0,108.0,82.0,205.0,10.0,10.0,2,2,5,1,4,5,5,4,3,5,5,4
1499,32.5,27.5,3.287,11.042,3.31,2051.0,70.5,92.0,70.5,143.0,13.0,8.0,4,4,3,5,2,2,3,2,3,2,2,3
862,,,3.177,12.409,3.347,1898.0,81.0,102.0,78.0,174.8,14.0,9.25,1,1,3,4,4,4,4,3,3,4,4,3
1315,33.5,29.5,3.575,12.898,3.818,1805.0,86.0,105.5,79.0,193.3,22.7,9.5,4,5,5,3,5,5,4,4,5,4,4,4
288,26.0,22.5,3.667,12.03,3.634,1760.0,78.0,98.5,76.5,244.5,29.1,9.0,2,2,4,3,3,3,4,5,5,4,3,4
1109,34.5,28.5,3.279,11.979,3.497,1986.0,78.0,100.5,74.0,178.0,8.3,10.25,4,4,3,4,3,4,3,3,2,5,3,3
1456,30.5,26.5,3.588,11.767,3.724,1932.0,76.75,96.0,74.5,184.4,22.0,9.0,3,4,4,4,3,3,3,4,5,4,3,4
1175,30.5,25.5,3.344,11.452,3.534,1941.0,76.0,100.5,76.5,185.0,17.3,8.75,3,3,4,4,3,4,4,4,4,3,2,3
671,43.5,31.5,3.521,11.493,3.518,2034.0,71.0,92.5,71.25,138.3,4.0,8.25,5,5,4,5,2,2,3,2,2,3,2,4
795,27.5,23.5,3.494,11.474,3.431,1890.0,69.0,88.0,67.0,167.0,22.9,8.25,2,3,3,3,2,2,2,3,5,3,2,4
601,28.5,22.5,3.388,12.4729999999999,3.397,1857.0,79.0,101.5,76.5,197.0,7.7,8.5,3,2,3,3,4,4,4,4,2,3,4,3
748,27.0,23.0,3.682,13.237,3.45,1735.0,72.25,93.0,70.5,131.0,8.5,8.0,2,3,3,2,2,3,3,2,2,2,5,4
1150,32.0,25.0,3.425,11.417,3.513,1944.0,71.0,90.0,68.0,10.3,10.3,8.25,4,3,4,4,2,2,2,1,3,3,2,3
1184,25.0,22.5,3.461,12.417,3.966,1687.0,86.0,109.0,82.5,285.0,30.9,9.0,2,2,5,2,5,5,5,5,5,4,4,3
514,34.0,28.0,3.386,11.911,3.28899999999999,2000.0,,,,,,,4,4,3,4,1,1,1,1,1,1,3,3
1140,32.0,27.5,3.316,11.487,3.47399999999999,1986.0,77.5,96.5,73.5,178.8,20.9,9.25,4,4,3,4,3,3,3,3,5,4,2,3
1424,33.5,25.5,3.382,12.245,3.443,1926.0,79.0,101.5,75.5,181.0,6.4,10.25,4,3,3,4,4,4,4,4,2,5,3,3
1071,33.5,25.5,3.428,12.7679999999999,3.916,1786.0,85.25,108.0,80.25,184.2,15.25,8.5,4,3,5,3,5,5,4,4,4,3,4,3
819,28.5,25.0,3.802,12.3,3.399,1806.0,84.5,108.5,82.25,239.2,15.2,10.0,3,3,3,3,5,5,5,5,4,5,4,4
1035,29.5,24.0,3.388,12.25,3.666,1842.0,76.5,98.5,73.25,150.6,6.1,8.5,3,3,4,3,3,3,3,2,2,3,4,3
796,28.5,24.0,3.376,12.618,3.51,1847.0,80.5,102.5,75.5,178.4,6.2,9.0,3,3,4,3,4,4,4,3,2,4,4,3
1407,31.5,25.5,3.585,11.979,3.626,1918.0,77.5,98.5,74.5,204.5,23.7,8.5,3,3,4,4,3,3,3,4,5,3,3,4
664,30.5,25.5,3.124,12.758,3.359,1941.0,78.5,96.5,73.5,186.25,11.8,9.25,3,3,3,4,4,3,3,4,3,4,4,2
860,27.0,22.5,3.817,13.607,3.454,1653.0,81.5,104.5,78.0,266.0,18.8,10.5,2,2,3,2,4,4,4,5,4,5,5,5
519,33.0,25.0,3.581,12.045,3.503,1885.0,79.0,100.5,76.5,191.5,16.5,8.5,4,3,3,3,4,4,4,4,4,3,3,4
295,36.5,30.5,3.319,12.244,4.218,1830.0,81.0,101.0,77.5,170.6,15.6,8.5,5,5,5,3,4,4,4,3,4,3,3,3
385,34.0,26.5,3.587,12.684,3.55,1858.0,82.0,104.0,77.0,183.4,6.8,9.25,4,4,4,3,4,4,4,4,2,4,4,4
1233,24.0,20.0,3.871,13.175,3.617,1586.0,82.0,107.5,80.5,217.0,12.3,10.0,1,2,4,1,4,5,5,5,3,5,5,5
762,33.5,24.5,3.431,12.268,3.603,1882.0,78.5,99.5,76.0,187.5,19.0,8.0,4,3,4,3,4,4,4,4,4,2,4,3
207,33.0,27.0,3.381,12.555,3.331,1935.0,73.0,92.5,68.5,166.0,21.7,8.5,4,4,3,4,3,2,2,3,5,3,4,3
282,27.0,21.5,3.654,12.21,3.213,1819.0,77.5,101.0,74.5,187.2,11.6,9.0,2,2,2,3,3,4,3,4,3,4,3,4
882,31.5,27.0,3.347,11.268,3.52,1975.0,72.0,92.5,69.5,170.0,12.5,8.75,3,4,4,4,2,2,2,3,3,3,2,3
537,31.0,26.0,3.19,12.03,3.302,1986.0,75.5,95.0,72.5,156.7,15.5,8.0,3,4,3,4,3,3,3,3,4,2,3,3
1047,28.5,23.5,3.647,12.025,3.489,1823.0,72.0,93.0,71.5,166.4,7.7,8.75,3,3,3,3,2,3,3,3,2,3,3,4
923,38.5,29.5,3.378,12.66,3.791,1894.0,80.75,101.0,76.25,166.6,4.0,9.0,5,5,5,4,4,4,4,3,2,4,4,3
998,31.5,28.0,3.539,11.789,3.177,1971.0,77.0,95.5,73.5,155.0,18.7,8.75,3,4,2,4,3,3,3,3,4,3,3,4
605,,31.0,3.255,12.321,3.70399999999999,1880.0,77.0,96.0,73.0,175.4,14.1,8.5,1,5,4,3,3,3,3,3,3,3,4,3
844,30.0,24.0,3.295,11.827,3.254,1960.0,72.0,92.5,71.5,150.0,11.9,8.5,3,3,3,4,2,2,3,2,3,3,3,3
841,27.5,23.0,3.424,12.397,3.413,1848.0,78.0,99.0,75.0,173.4,7.9,9.75,2,3,3,3,3,4,3,3,2,5,4,3
1057,32.0,27.5,3.533,12.627,3.521,1864.0,78.0,100.0,75.5,215.0,8.0,8.5,4,4,4,3,3,4,4,5,2,3,4,4
1094,33.0,27.5,3.405,12.407,3.007,1997.0,82.5,106.5,79.0,181.0,18.7,9.0,4,4,2,4,4,5,4,4,4,4,4,3
1290,28.0,25.5,3.331,11.25,3.062,2016.0,69.0,88.0,67.0,129.0,13.5,8.0,2,3,2,4,2,2,2,2,3,2,2,3
879,26.5,23.5,3.577,11.945,3.535,1819.0,82.0,102.0,76.5,191.6,22.3,9.25,2,3,4,3,4,4,4,4,5,4,3,4
682,32.0,25.0,3.412,11.609,3.235,1977.0,75.5,98.0,74.5,164.0,7.9,9.0,4,3,3,4,3,3,3,3,2,4,3,3
1341,24.5,21.5,3.454,11.69,3.408,1839.0,72.0,91.5,69.5,69.5,10.9,8.25,1,2,3,3,2,2,2,1,3,3,3,3
533,34.5,28.0,3.432,13.456,4.073,1728.0,77.5,98.5,74.5,189.4,9.2,8.5,4,4,5,2,3,3,3,4,3,3,5,3
942,33.0,29.0,3.403,12.299,3.389,1957.0,74.5,94.5,73.0,168.0,8.8,7.75,4,5,3,4,3,3,3,3,3,2,4,3
404,35.0,29.0,3.363,12.379,3.375,1978.0,72.5,91.0,70.0,129.9,13.1,8.0,4,5,3,4,2,2,3,2,3,2,4,3
745,37.0,28.0,3.211,11.978,3.113,2069.0,81.5,101.0,76.0,169.6,15.4,9.25,5,4,2,5,4,4,4,3,4,4,3,3
814,32.0,25.0,3.565,12.391,3.202,1906.0,78.0,100.0,76.0,207.0,14.2,8.75,4,3,2,4,3,4,4,4,3,3,4,4
834,26.0,21.0,3.72,14.684,4.016,1461.0,84.5,107.5,82.0,278.4,31.3,10.25,2,2,5,1,5,5,5,5,5,5,5,4
503,,23.0,3.565,12.504,3.336,1810.0,81.5,102.0,78.5,196.0,11.0,9.5,1,3,3,3,4,4,4,4,3,4,4,4
1015,30.5,27.0,3.598,12.957,3.204,1870.0,84.0,109.0,84.5,209.0,12.8,9.25,3,4,2,3,5,5,5,4,3,4,5,4
1370,38.5,31.0,3.317,11.5159999999999,3.473,2048.0,81.5,99.5,75.5,182.0,22.8,8.0,5,5,3,5,4,4,4,4,5,2,2,3
901,35.0,27.0,3.472,11.944,3.567,1931.0,77.5,96.0,74.0,180.0,10.7,9.5,4,4,4,4,3,3,3,3,3,4,3,4
1217,,31.0,3.194,12.04,3.28899999999999,2014.0,78.0,100.5,78.0,167.8,15.3,8.75,1,5,3,4,3,4,4,3,4,3,3,3
1359,41.5,35.0,3.64,13.76,3.64,1854.0,68.5,87.5,67.0,163.6,23.7,7.75,5,5,4,3,2,2,2,3,5,2,5,4
486,35.0,27.0,3.265,12.154,3.317,2000.0,79.25,99.0,75.0,204.2,13.6,8.5,4,4,3,4,4,4,3,4,3,3,3,3
429,22.0,18.5,3.555,12.841,3.511,1686.0,80.0,103.0,78.0,183.9,16.2,9.25,1,1,4,2,4,4,4,4,4,4,4,4
1000,33.5,28.0,3.215,10.898,3.65,2025.0,76.0,96.0,74.5,170.4,15.0,8.25,4,4,4,4,3,3,3,3,4,3,1,3
646,32.5,24.5,3.473,13.137,3.607,1808.0,81.0,104.5,79.5,202.0,21.0,8.75,4,3,4,3,4,4,4,4,5,3,5,4
411,33.0,26.5,3.487,12.444,3.346,1915.0,79.0,102.5,77.5,176.0,6.8,9.25,4,4,3,4,4,4,4,3,2,4,4,4
758,29.5,25.5,3.812,12.055,3.508,1811.0,75.25,95.0,72.5,154.4,11.7,8.5,3,3,4,3,3,3,3,3,3,3,3,5
1025,32.0,27.5,3.361,12.428,3.427,1927.0,78.5,102.0,78.0,217.0,23.3,9.75,4,4,3,4,4,4,4,5,5,5,4,3
474,35.0,28.5,3.339,11.437,3.307,2044.0,77.0,97.0,74.5,200.9,24.2,8.5,4,4,3,5,3,3,3,4,5,3,2,3
952,35.5,30.5,3.183,11.849,3.351,2056.0,78.0,97.0,72.0,161.5,13.7,8.5,5,5,3,5,3,3,3,3,3,3,3,3
1384,39.5,31.5,3.328,11.855,3.308,2064.0,81.0,100.5,74.0,174.2,6.2,9.5,5,5,3,5,4,4,3,3,2,4,3,3
951,36.0,27.5,3.305,11.816,3.484,1995.0,75.0,94.5,69.0,143.8,12.8,8.0,5,4,3,4,3,3,2,2,3,2,3,3
426,28.0,25.5,3.386,12.06,3.322,1918.0,80.5,105.5,81.0,202.2,8.5,9.0,2,3,3,4,4,5,5,4,2,4,3,3
567,38.0,30.0,3.342,12.207,3.577,1976.0,75.0,95.0,71.5,159.0,6.4,9.5,5,5,4,4,3,3,3,3,2,4,3,3
588,34.5,26.5,,12.004,3.44,1964.0,72.0,90.5,67.5,147.8,14.4,8.5,4,4,3,4,2,2,2,2,3,3,3,1
1235,35.0,30.5,3.376,11.8509999999999,3.569,1981.0,82.0,101.0,76.0,188.2,16.9,9.5,4,5,4,4,4,4,4,4,4,4,3,3
1325,32.0,28.0,3.203,12.454,3.109,2014.0,76.5,98.5,75.5,200.0,18.7,8.5,4,4,2,4,3,3,4,4,4,3,4,3
945,31.5,22.0,3.59,12.068,3.689,1799.0,80.0,103.5,80.0,206.9,10.9,9.25,3,2,4,3,4,4,4,4,3,4,3,4
214,29.0,24.0,3.599,12.359,3.07,1892.0,79.5,99.0,75.0,179.2,16.8,9.75,3,3,2,4,4,4,3,3,4,5,4,4
1510,34.0,28.5,,12.261,3.35399999999999,1976.0,86.0,105.5,78.0,195.8,16.5,9.25,4,4,3,4,5,5,4,4,4,4,4,1
224,28.5,23.5,3.66,12.918,3.297,1800.0,77.0,101.5,77.0,165.0,17.1,9.0,3,3,3,3,3,4,4,3,4,4,5,4
1194,30.5,27.0,3.509,11.711,3.109,1977.0,74.0,95.5,74.5,158.0,11.6,8.75,3,4,2,4,3,3,3,3,3,3,3,4
731,33.5,27.0,6.25,11.548,3.131,2086.0,76.0,94.5,73.5,167.1,14.5,8.75,4,4,2,5,3,3,3,3,3,3,2,5
1165,34.0,27.5,3.349,12.102,3.218,2000.0,77.5,102.0,76.5,169.0,12.5,9.25,4,4,2,4,3,4,4,3,3,4,3,3
206,35.5,27.0,,,,2152.0,,,,,,,5,4,1,5,1,1,1,1,1,1,1,1
717,34.0,27.5,3.371,11.999,3.007,2036.0,83.0,105.5,78.0,191.0,8.9,9.5,4,4,2,5,4,5,4,4,3,4,3,3
371,,,3.476,12.7809999999999,3.646,1677.0,87.0,109.0,80.5,193.9,22.3,10.25,1,1,4,2,5,5,5,4,5,5,4,4
1331,34.5,29.5,3.053,11.036,3.094,2167.0,76.5,98.0,74.0,160.0,10.8,9.25,4,5,2,5,3,3,3,3,3,4,2,2
554,33.0,29.0,3.072,11.46,3.29399999999999,2090.0,,,,,,,4,5,3,5,1,1,1,1,1,1,2,2
1207,30.5,24.0,3.576,12.103,3.668,1821.0,80.5,102.0,78.0,210.8,20.0,9.0,3,3,4,3,4,4,4,5,4,4,3,4
1256,35.0,27.5,3.392,12.032,3.665,1925.0,81.5,101.5,77.0,206.5,22.5,9.5,4,4,4,4,4,4,4,4,5,4,3,3
861,29.0,25.5,,,,2000.0,,,,,,,3,3,1,4,1,1,1,1,1,1,1,1
1479,25.5,22.0,3.388,13.134,4.875,1561.0,72.25,92.5,69.75,153.8,8.3,7.75,2,2,5,1,2,2,2,3,2,2,5,3
1048,25.0,19.0,3.505,12.338,3.207,1798.0,73.0,96.0,71.5,147.0,12.9,7.5,2,1,2,3,3,3,3,2,3,1,4,4
406,29.5,24.0,3.217,12.285,4.105,1966.0,76.0,98.5,76.5,179.0,19.3,9.0,3,3,5,4,3,3,4,3,4,4,4,3
1097,37.5,28.0,3.172,11.413,3.244,2128.0,76.0,97.0,75.5,176.0,13.1,8.25,5,4,3,5,3,3,4,3,3,3,2,3
542,31.5,25.5,3.611,11.941,3.827,1803.0,72.5,91.5,70.0,147.8,12.8,8.5,3,3,5,3,2,2,3,2,3,3,3,4
1130,36.5,33.0,3.621,,3.057,2207.0,78.25,100.0,76.0,168.9,4.0,8.5,5,5,2,5,4,4,4,3,2,3,1,4
1317,29.5,23.5,3.573,12.658,3.767,1752.0,81.0,105.5,79.0,208.8,10.8,8.5,3,3,4,2,4,5,4,4,3,3,4,4
752,31.0,25.0,3.386,11.84,3.661,1887.0,72.5,91.5,68.0,126.0,6.5,8.0,3,3,4,3,2,2,2,2,2,2,3,3
793,32.0,28.0,3.255,11.489,3.164,2051.0,77.0,102.0,77.5,189.0,17.9,9.5,4,4,2,5,3,4,4,4,4,4,2,3
241,32.0,28.5,3.381,12.023,3.53,1941.0,78.5,99.5,75.0,199.0,20.5,9.0,4,4,4,4,4,4,3,4,5,4,3,3
770,30.5,26.5,3.793,13.493,3.686,1704.0,82.0,103.0,78.5,182.0,14.6,8.0,3,4,4,2,4,4,4,4,3,2,5,4
595,31.5,24.5,3.382,12.682,3.862,1977.0,81.0,103.5,75.5,172.0,7.8,8.25,3,3,5,4,4,4,4,3,2,3,4,3
1254,29.5,22.0,3.626,12.321,3.369,1850.0,79.5,102.0,79.0,183.9,6.8,8.25,3,2,3,3,4,4,4,4,2,3,4,4
569,31.0,26.0,4.425,12.125,3.53,1699.0,80.0,102.0,76.75,163.5,6.0,8.5,3,4,4,2,4,4,4,3,2,3,3,5
517,40.0,32.0,,,,2298.0,,,,,,,5,5,1,5,1,1,1,1,1,1,1,1
529,27.5,20.5,3.575,14.564,3.553,1609.0,81.0,104.0,77.5,268.0,30.1,9.0,2,2,4,1,4,4,4,5,5,4,5,4
1390,31.0,25.0,3.402,12.326,3.237,1929.0,80.5,106.5,80.0,197.0,16.2,10.25,3,3,3,4,4,5,4,4,4,5,4,3
532,36.5,26.5,3.643,13.11,3.47,1848.0,79.75,99.5,77.5,184.7,8.4,8.25,5,4,3,3,4,4,4,4,2,3,5,4
544,28.0,22.0,3.411,12.206,3.44199999999999,1849.0,84.0,105.5,80.0,224.2,29.2,9.25,2,2,3,3,5,5,4,5,5,4,3,3
1383,28.0,22.0,3.424,12.492,3.588,1802.0,84.25,104.0,78.75,177.8,7.1,10.5,2,2,4,3,5,4,4,3,2,5,4,3
742,31.5,25.0,3.58,12.382,3.495,1856.0,83.5,104.5,79.0,226.5,14.5,10.0,3,3,3,3,5,4,4,5,3,5,4,4
256,33.5,28.5,,,,2150.0,,,,,,,4,4,1,5,1,1,1,1,1,1,1,1
799,32.0,27.0,3.527,12.482,3.431,1948.0,75.0,94.0,71.0,142.8,11.9,8.0,4,4,3,4,3,3,3,2,3,2,4,4
458,30.5,24.5,3.452,12.175,4.073,1744.0,77.5,99.5,75.0,189.8,21.1,8.5,3,3,5,2,3,4,3,4,5,3,3,3
286,29.5,25.5,3.379,12.962,3.39,1862.0,79.0,102.0,77.5,188.0,17.7,8.5,3,3,3,3,4,4,4,4,4,3,5,3
632,34.0,30.0,3.283,11.7679999999999,3.377,2025.0,77.0,96.5,74.5,182.8,21.9,8.25,4,5,3,4,3,3,3,4,5,3,3,3
1478,29.5,22.5,3.383,12.964,3.467,1825.0,77.0,96.5,73.0,199.5,25.3,9.0,3,2,3,3,3,3,3,4,5,4,5,3
1034,32.5,27.0,3.376,11.512,3.223,2017.0,74.0,96.0,73.0,180.2,15.5,8.25,4,4,2,4,3,3,3,3,4,3,2,3
357,33.0,27.5,3.258,11.6779999999999,3.51899999999999,1985.0,80.0,103.0,77.5,209.1,19.8,9.5,4,4,4,4,4,4,4,4,4,4,3,3
1480,27.5,23.0,3.62,12.634,3.689,1735.0,80.5,102.0,77.0,204.0,21.6,9.75,2,3,4,2,4,4,4,4,5,5,4,4
367,38.5,29.5,3.314,11.452,3.281,2077.0,81.75,103.0,79.5,185.8,13.7,9.5,5,5,3,5,4,4,4,4,3,4,2,3
837,36.5,27.0,3.344,11.337,3.812,1940.0,76.0,97.5,74.25,182.8,19.1,9.0,5,4,5,4,3,3,3,4,4,4,2,3
594,30.0,24.0,3.424,12.168,3.729,1828.0,77.5,99.5,75.0,173.0,16.6,8.5,3,3,4,3,3,4,3,3,4,3,3,3
822,27.5,23.0,3.376,12.677,3.671,1791.0,86.0,111.0,84.25,169.0,11.5,8.5,2,3,4,3,5,5,5,3,3,3,4,3
676,35.5,28.5,3.275,11.817,3.368,2025.0,81.0,100.5,77.5,202.2,25.0,9.5,5,4,3,4,4,4,4,4,5,4,3,3
333,37.5,32.0,3.386,11.234,3.66899999999999,2010.0,76.5,95.0,74.5,186.0,9.2,9.0,5,5,4,4,3,3,3,4,3,4,2,3
1280,27.5,25.5,3.337,11.9,3.282,1932.0,70.5,92.0,70.0,146.0,13.8,8.5,2,3,3,4,2,2,3,2,3,3,3,3
1351,32.5,26.0,3.466,11.672,3.531,1928.0,82.0,101.5,76.0,169.0,18.0,8.75,4,4,4,4,4,4,4,3,4,3,3,3
1234,29.5,24.0,3.318,12.231,3.388,1906.0,72.0,94.0,72.5,152.0,6.8,8.25,3,3,3,4,2,3,3,2,2,3,3,3
1505,33.0,26.5,3.599,12.4059999999999,3.575,1859.0,78.5,94.5,72.0,163.0,17.5,8.75,4,4,4,3,4,3,3,3,4,3,4,4
576,35.5,26.0,3.423,12.289,3.46,1936.0,75.5,97.0,74.5,157.5,4.0,8.0,5,4,3,4,3,3,3,3,2,2,4,3
1229,34.0,25.5,3.513,12.948,3.464,1865.0,83.0,101.0,76.0,232.5,16.3,10.0,4,3,3,3,4,4,4,5,4,5,5,4
534,25.0,21.5,3.579,11.638,3.543,1795.0,87.0,107.5,80.5,295.2,33.8,9.25,2,2,4,3,5,5,5,5,5,4,3,4
1433,33.5,26.0,3.457,12.25,3.547,1901.0,79.5,101.0,77.25,189.6,7.0,9.25,4,4,4,4,4,4,4,4,2,4,4,3
266,26.5,22.0,3.59,11.984,3.386,1815.0,78.0,100.5,76.0,202.8,20.0,7.75,2,2,3,3,3,4,4,4,4,2,3,4
1044,40.0,31.5,3.425,12.366,3.458,1995.0,76.5,96.0,72.5,169.5,7.0,9.0,5,5,3,4,3,3,3,3,2,4,4,3
417,35.5,29.5,3.872,12.693,3.48,1841.0,81.5,103.0,80.25,196.4,8.4,8.25,5,5,3,3,4,4,4,4,2,3,4,5
1227,33.5,26.5,3.424,11.492,3.286,1998.0,77.0,100.5,77.0,193.0,18.8,9.25,4,4,3,4,3,4,4,4,4,4,2,3
1418,31.5,27.5,3.511,11.751,3.36,2112.0,82.0,102.5,77.0,213.0,25.9,9.25,3,4,3,5,4,4,4,5,5,4,3,4
1018,40.0,27.0,,,,2220.0,,,,,,,5,4,1,5,1,1,1,1,1,1,1,1
421,29.5,32.0,3.53,13.639,3.578,1799.0,86.5,109.0,81.5,303.4,30.6,9.75,3,5,4,3,5,5,5,5,5,5,5,4
1401,22.5,25.5,3.386,13.077,3.781,1725.0,81.5,107.5,80.5,233.0,14.0,8.5,1,3,4,2,4,5,5,5,3,3,5,3
955,31.5,27.0,3.307,11.472,3.546,1966.0,70.0,87.0,67.0,158.2,17.2,8.25,3,4,4,4,2,2,2,3,4,3,2,3
963,30.0,23.5,3.553,13.215,3.104,1846.0,82.0,105.0,77.5,238.0,29.8,9.75,3,3,2,3,4,5,4,5,5,5,5,4
757,35.0,29.5,3.426,10.988,3.401,2051.0,78.0,98.5,76.5,177.0,14.8,8.25,4,5,3,5,3,3,4,3,3,3,2,3
1252,,,3.286,11.318,3.634,1885.0,,,,,,,1,1,4,3,1,1,1,1,1,1,2,3
1347,29.5,25.5,3.433,12.542,3.53,1857.0,80.75,103.0,77.5,199.0,30.2,10.0,3,3,4,3,4,4,4,4,5,5,4,3
1204,,31.0,3.268,11.797,3.476,1976.0,79.0,97.5,73.5,169.2,15.8,8.5,1,5,3,4,4,3,3,3,4,3,3,3
1485,34.0,27.0,3.498,11.94,3.372,1954.0,80.0,101.5,77.5,186.2,7.2,9.75,4,4,3,4,4,4,4,4,2,5,3,4
273,30.5,25.5,3.425,13.262,3.56,1816.0,82.75,108.0,82.25,237.2,13.9,9.5,3,3,4,3,4,5,5,5,3,4,5,3
521,,18.5,3.693,13.35,3.55,1596.0,,,,,,,1,1,4,1,1,1,1,1,1,1,5,4
635,27.5,24.0,3.531,12.798,3.562,1784.0,77.25,100.0,77.5,197.0,22.5,8.0,2,3,4,3,3,4,4,4,5,2,4,4
962,27.5,25.5,3.19,12.74,3.35,1901.0,72.0,90.0,67.0,142.2,17.8,8.25,2,3,3,4,2,2,2,2,4,3,4,3
719,28.5,23.0,3.754,12.507,3.448,1780.0,76.0,97.0,73.75,157.9,6.9,8.5,3,3,3,3,3,3,3,3,2,3,4,4
1055,37.0,29.5,3.612,12.122,3.197,1985.0,73.5,95.0,72.25,152.1,6.3,8.5,5,5,2,4,3,3,3,3,2,3,3,4
724,35.5,25.5,3.413,13.878,3.501,1820.0,79.0,99.5,74.0,166.0,14.7,9.0,5,3,3,3,4,4,3,3,3,4,5,3
231,35.5,28.5,3.428,11.764,3.387,1998.0,73.0,91.5,68.5,153.8,11.0,8.25,5,4,3,4,3,2,2,3,3,3,3,3
722,30.0,25.5,3.418,11.727,3.417,1927.0,68.5,89.0,67.5,133.0,8.9,8.0,3,3,3,4,2,2,2,2,3,2,3,3
1253,30.5,26.5,3.332,12.938,3.654,1839.0,74.0,94.5,70.0,175.0,17.5,8.5,3,4,4,3,3,3,3,3,4,3,5,3
715,30.0,25.0,3.282,12.235,3.784,1844.0,74.5,94.0,71.0,181.0,24.5,7.75,3,3,5,3,3,3,3,4,5,2,3,3
1336,30.0,27.0,3.569,11.702,3.451,1909.0,83.0,104.0,83.5,213.0,19.1,9.75,3,4,3,4,4,4,5,5,4,5,3,4
1275,30.5,30.5,3.327,12.053,3.333,1981.0,72.5,94.5,72.5,159.0,15.5,8.5,3,5,3,4,2,3,3,3,4,3,3,3
726,30.5,22.0,3.512,12.484,3.434,1828.0,80.0,103.0,76.0,202.8,11.5,10.0,3,2,3,3,4,4,4,4,3,5,4,4
574,36.0,31.0,3.424,12.654,3.635,1917.0,72.0,88.0,68.25,147.4,7.9,8.5,5,5,4,4,2,2,2,2,2,3,4,3
651,31.5,26.5,3.256,11.136,3.343,2029.0,74.0,91.5,68.0,172.1,23.4,8.5,3,4,3,5,3,2,2,3,5,3,2,3
,,,,,,,,,,,,,1,1,1,1,1,1,1,1,1,1,1,1
 ,,,,,,,,,,,,,1,1,1,1,1,1,1,1,1,1,1,1
,,,,,,,,,,,,,1,1,1,1,1,1,1,1,1,1,1,1
